"neo","pha","diameter","e","a","w","per_y"
Y,Y,1.0,0.8270,1.078,31.44,1.12
Y,Y,2.56,0.3355,1.246,277.02,1.39
Y,Y,1.5,0.5599,1.471,286.05,1.78
Y,Y,3.4,0.6505,1.776,267.84,2.37
Y,Y,0.6,0.7641,1.874,43.71,2.57
Y,Y,1.649,0.2994,1.29,61.50,1.47
Y,Y,,0.5031,1.6,290.98,2.02
Y,Y,1.80,0.7107,2.179,98.37,3.22
Y,Y,0.3,0.4499,0.8439,40.12,0.775
Y,Y,4.9,0.4232,1.769,27.88,2.35
Y,Y,6.25,0.8897,1.271,322.31,1.43
Y,Y,0.3,0.3232,1.21,302.65,1.33
Y,Y,0.7,0.4685,0.9895,55.09,0.984
Y,Y,1.5,0.5438,2.197,204.43,3.26
Y,Y,0.5,0.4459,1.835,17.24,2.48
Y,Y,4,0.6309,2.626,95.52,4.26
Y,Y,0.42,0.4440,1.059,296.70,1.09
Y,Y,5.4,0.6247,2.543,277.86,4.06
Y,Y,3.651,0.6362,1.981,237.02,2.79
Y,Y,,0.5866,1.442,292.00,1.73
Y,Y,1.849,0.6600,2.206,169.26,3.28
Y,Y,,0.3569,1.023,255.39,1.03
Y,Y,0.33,0.3588,1.485,159.54,1.81
Y,Y,1.4,0.4832,1.063,121.45,1.1
Y,Y,,0.6575,1.621,77.93,2.06
Y,Y,,0.5002,1.636,105.96,2.09
Y,Y,,0.4782,1.552,159.96,1.93
Y,Y,0.55,0.4065,0.93,82.77,0.897
Y,Y,,0.5851,1.271,258.98,1.43
Y,Y,,0.4996,1.272,242.36,1.43
Y,Y,,0.4125,1.151,239.78,1.23
Y,Y,0.53,0.6188,2.477,69.53,3.9
Y,Y,,0.5921,2.504,326.21,3.96
Y,Y,1.8,0.4845,1.773,232.34,2.36
Y,Y,0.982,0.5061,1.842,173.51,2.5
Y,Y,1.052,0.3294,1.349,47.49,1.57
Y,Y,,0.4816,1.467,280.06,1.78
Y,Y,1.602,0.1646,1.123,249.46,1.19
Y,Y,0.7,0.4560,1.748,114.77,2.31
Y,Y,1.568,0.4304,1.506,125.16,1.85
Y,Y,1.0,0.6258,2.243,116.20,3.36
Y,Y,0.938,0.3249,1.249,233.74,1.4
Y,Y,0.738,0.3558,1.08,289.52,1.12
Y,Y,1.663,0.4059,1.542,321.79,1.91
Y,Y,2.060,0.4927,1.962,147.21,2.75
Y,Y,0.562,0.3057,1.336,133.85,1.54
Y,Y,0.9,0.6643,2.851,238.64,4.81
Y,Y,,0.8591,2.2,243.25,3.26
Y,Y,,0.5610,2.033,104.56,2.9
Y,Y,,0.4766,1.565,296.32,1.96
Y,Y,,0.5700,1.219,324.82,1.35
Y,Y,,0.5894,1.847,293.54,2.51
Y,Y,0.33,0.2802,1.324,162.85,1.52
Y,Y,,0.4718,1.546,231.21,1.92
Y,Y,,0.4335,1.744,0.82,2.3
Y,Y,1.3,0.5075,1.699,224.83,2.21
Y,Y,,0.5778,2.137,39.11,3.12
Y,Y,0.432,0.4177,0.7187,167.52,0.609
Y,Y,0.929,0.1437,1.137,207.03,1.21
Y,Y,0.704,0.4838,1.442,103.07,1.73
Y,Y,,0.5200,1.913,323.22,2.65
Y,Y,,0.7524,1.478,303.92,1.8
Y,Y,,0.5070,2.09,8.79,3.02
Y,Y,1.554,0.4928,2.036,344.84,2.91
Y,Y,0.204,0.5556,1.593,297.37,2.01
Y,Y,1.0,0.6236,2.409,20.36,3.74
Y,Y,1.75,0.5757,2.379,174.57,3.67
Y,Y,7.,0.6415,2.724,166.79,4.5
Y,Y,,0.5397,1.922,43.42,2.67
Y,Y,,0.4197,1.495,325.05,1.83
Y,Y,0.843,0.2692,1.371,218.36,1.6
Y,Y,0.918,0.2645,0.9148,15.00,0.875
Y,Y,,0.3633,1.428,63.41,1.71
Y,Y,,0.2810,1.395,290.98,1.65
Y,Y,0.78,0.3832,1.643,319.59,2.11
Y,Y,,0.5397,1.091,284.51,1.14
Y,Y,1.317,0.6884,0.6424,192.65,0.515
Y,Y,,0.2126,1.309,184.84,1.5
Y,Y,,0.5429,1.321,266.94,1.52
Y,Y,0.994,0.3267,1.32,48.76,1.52
Y,Y,0.736,0.4165,1.507,140.28,1.85
Y,Y,,0.3799,0.9617,243.82,0.943
Y,Y,,0.4156,1.618,322.34,2.06
Y,Y,1.182,0.4367,1.707,24.70,2.23
Y,Y,1.650,0.3443,1.057,255.57,1.09
Y,Y,,0.6239,1.655,92.91,2.13
Y,Y,1.1,0.7776,2.22,243.25,3.31
Y,Y,,0.3111,1.234,293.83,1.37
Y,Y,,0.3563,1.298,95.45,1.48
Y,Y,,0.4857,1.58,117.32,1.99
Y,Y,3.484,0.6388,1.923,103.13,2.67
Y,Y,0.939,0.3289,1.403,50.16,1.66
Y,Y,,0.4845,1.852,197.78,2.52
Y,Y,1.462,0.6329,0.8831,309.26,0.83
Y,Y,0.451,0.3115,1.009,235.71,1.01
Y,Y,2.22,0.5789,1.76,120.82,2.33
Y,Y,0.802,0.5059,1.996,150.28,2.82
Y,Y,,0.6427,0.8587,47.82,0.796
Y,Y,0.800,0.6295,1.182,140.24,1.29
Y,Y,,0.2528,1.356,67.20,1.58
Y,Y,5.067,0.5070,2.078,5.85,2.99
Y,Y,,0.8864,1.642,222.96,2.1
Y,Y,1.407,0.5284,1.735,300.72,2.29
Y,Y,2.233,0.5742,2.138,31.14,3.13
Y,Y,0.572,0.2800,1.234,306.84,1.37
Y,Y,0.968,0.4922,1.695,233.27,2.21
Y,Y,1.115,0.5077,1.866,61.55,2.55
Y,Y,0.34,0.1912,0.9224,126.67,0.886
Y,Y,,0.6187,2.651,42.24,4.32
Y,Y,,0.6107,1.624,268.84,2.07
Y,Y,0.48444,0.2037,1.126,66.22,1.2
Y,Y,1.282,0.5812,1.843,104.10,2.5
Y,Y,3.006,0.4398,1.753,6.97,2.32
Y,Y,,0.4174,1.638,24.95,2.1
Y,Y,,0.3950,1.573,248.27,1.97
Y,Y,,0.4781,1.747,147.56,2.31
Y,Y,,0.5783,1.492,97.81,1.82
Y,Y,,0.5620,1.459,268.35,1.76
Y,Y,,0.5489,1.9,222.04,2.62
Y,Y,,0.6008,1.77,90.61,2.35
Y,Y,,0.6118,2.44,162.39,3.81
Y,Y,,0.4145,1.777,2.60,2.37
Y,Y,0.754,0.5331,0.6618,197.85,0.538
Y,Y,,0.2933,1.004,280.82,1.01
Y,Y,,0.3186,1.139,142.21,1.22
Y,Y,,0.5677,2.358,181.29,3.62
Y,Y,,0.6052,2.105,136.33,3.05
Y,Y,,0.3334,1.034,271.94,1.05
Y,Y,,0.4519,1.86,3.57,2.54
Y,Y,,0.8698,2.634,302.39,4.28
Y,Y,,0.3101,1.421,337.97,1.69
Y,Y,,0.5677,1.821,31.14,2.46
Y,Y,0.566,0.4609,1.347,42.72,1.56
Y,Y,1.263,0.5082,1.784,225.63,2.38
Y,Y,,0.5795,1.528,31.38,1.89
Y,Y,0.239,0.4275,0.9762,272.64,0.965
Y,Y,,0.8021,1.114,317.77,1.18
Y,Y,,0.7245,1.087,308.11,1.13
Y,Y,,0.6267,1.513,247.72,1.86
Y,Y,,0.5287,2.002,2.28,2.83
Y,Y,,0.5362,1.624,127.42,2.07
Y,Y,,0.8502,1.198,224.53,1.31
Y,Y,,0.6077,1.967,89.40,2.76
Y,Y,,0.7299,2.124,88.87,3.1
Y,Y,,0.1870,1.085,104.96,1.13
Y,Y,,0.5261,2.133,183.59,3.12
Y,Y,,0.5537,1.971,57.99,2.77
Y,Y,,0.2897,1.423,186.42,1.7
Y,Y,,0.5888,1.508,91.02,1.85
Y,Y,,0.6557,0.9684,43.96,0.953
Y,Y,,0.3980,1.444,80.99,1.73
Y,Y,,0.4857,1.454,68.97,1.75
Y,Y,,0.2085,0.8649,16.60,0.804
Y,Y,,0.7140,2.52,85.61,4
Y,Y,0.298,0.3660,1.129,188.15,1.2
Y,Y,,0.6396,1.448,260.10,1.74
Y,Y,,0.5730,1.346,39.22,1.56
Y,Y,0.414,0.4974,1.191,135.00,1.3
Y,Y,,0.6543,1.878,284.61,2.57
Y,Y,,0.5231,1.162,319.25,1.25
Y,Y,0.531,0.2368,1.162,240.78,1.25
Y,Y,,0.7960,1.341,233.46,1.55
Y,Y,0.510,0.7808,0.9111,213.76,0.87
Y,Y,,0.6679,2.541,142.61,4.05
Y,Y,,0.6459,2.502,218.53,3.96
Y,Y,2,0.4800,1.988,173.06,2.8
Y,Y,0.932,0.4673,1.711,44.65,2.24
Y,Y,,0.4514,1.703,197.95,2.22
Y,Y,,0.3602,1.325,80.88,1.53
Y,Y,,0.4865,1.871,217.50,2.56
Y,Y,,0.4908,1.084,258.20,1.13
Y,Y,1.060,0.6889,1.705,99.71,2.23
Y,Y,,0.5615,1.72,280.97,2.26
Y,Y,,0.4087,1.477,215.22,1.79
Y,Y,0.086,0.4021,1.105,228.88,1.16
Y,Y,,0.4825,1.569,138.69,1.97
Y,Y,2.324,0.6170,2.433,237.81,3.8
Y,Y,3.070,0.5935,2.262,140.02,3.4
Y,Y,1.9,0.2138,1.123,102.11,1.19
Y,Y,0.4,0.4624,1.678,21.62,2.17
Y,Y,,0.6604,1.802,280.25,2.42
Y,Y,,0.1871,1.246,148.67,1.39
Y,Y,0.538,0.5585,1.916,331.45,2.65
Y,Y,,0.5710,1.088,278.86,1.13
Y,Y,,0.1948,1.206,29.92,1.32
Y,Y,0.896,0.1911,1.191,211.62,1.3
Y,Y,,0.5349,2.073,123.18,2.98
Y,Y,,0.4111,0.8758,201.28,0.82
Y,Y,,0.4781,1.854,19.25,2.52
Y,Y,,0.1238,0.9466,46.07,0.921
Y,Y,,0.5311,1.207,314.52,1.33
Y,Y,,0.3573,1.241,285.25,1.38
Y,Y,1.406,0.3023,1.376,220.72,1.61
Y,Y,0.335,0.2501,1.247,133.32,1.39
Y,Y,,0.5438,1.875,40.99,2.57
Y,Y,,0.6356,2.123,152.13,3.09
Y,Y,,0.2323,1.314,339.15,1.51
Y,Y,,0.7443,1.773,79.17,2.36
Y,Y,,0.5752,1.092,46.02,1.14
Y,Y,,0.3818,1.319,291.32,1.51
Y,Y,,0.5437,2.038,326.12,2.91
Y,Y,0.875,0.4745,1.926,186.47,2.67
Y,Y,,0.4457,1.787,27.70,2.39
Y,Y,,0.3651,1.297,294.50,1.48
Y,Y,,0.5665,2.275,322.39,3.43
Y,Y,,0.5859,2.046,117.83,2.93
Y,Y,0.460,0.2952,1.22,110.52,1.35
Y,Y,1.682,0.6016,0.7616,148.33,0.665
Y,Y,,0.3348,1.344,135.13,1.56
Y,Y,0.735,0.4346,0.8758,222.21,0.82
Y,Y,,0.3689,1.365,275.33,1.6
Y,Y,,0.5463,1.469,260.20,1.78
Y,Y,,0.6882,1.577,281.41,1.98
Y,Y,,0.4731,1.609,353.83,2.04
Y,Y,0.386,0.3546,1.229,245.91,1.36
Y,Y,0.791,0.2094,0.8279,327.02,0.753
Y,Y,1.717,0.2921,1.11,91.01,1.17
Y,Y,,0.2790,0.9879,56.22,0.982
Y,Y,0.163,0.1359,1.001,279.34,1
Y,Y,,0.4233,1.666,270.20,2.15
Y,Y,,0.5656,2.151,326.83,3.15
Y,Y,,0.4679,1.657,203.08,2.13
Y,Y,0.9,0.5419,2.162,139.85,3.18
Y,Y,,0.6261,1.905,120.48,2.63
Y,Y,,0.6030,1.336,115.46,1.54
Y,Y,,0.5837,1.086,61.76,1.13
Y,Y,,0.3106,1.461,321.96,1.77
Y,Y,,0.7028,2.558,131.03,4.09
Y,Y,,0.3111,1.448,211.38,1.74
Y,Y,1.196,0.3501,1.055,24.06,1.08
Y,Y,,0.4245,1.271,259.25,1.43
Y,Y,,0.6142,1.418,259.49,1.69
Y,Y,,0.5204,1.89,221.56,2.6
Y,Y,,0.5348,1.858,125.90,2.53
Y,Y,,0.6314,2.421,243.14,3.77
Y,Y,,0.5980,2.121,42.79,3.09
Y,Y,0.863,0.3767,1.365,289.83,1.59
Y,Y,,0.6734,2.429,54.61,3.78
Y,Y,0.430,0.3222,1.355,244.02,1.58
Y,Y,,0.3824,1.373,63.76,1.61
Y,Y,,0.8056,1.406,224.33,1.67
Y,Y,,0.2266,1.075,75.98,1.11
Y,Y,,0.4077,1.452,110.74,1.75
Y,Y,,0.4246,1.449,101.67,1.74
Y,Y,1.244,0.7875,1.453,108.05,1.75
Y,Y,,0.6647,2.117,251.11,3.08
Y,Y,,0.5923,1.847,287.62,2.51
Y,Y,,0.4660,1.845,162.23,2.51
Y,Y,,0.1520,0.959,297.65,0.939
Y,Y,,0.7323,1.649,315.19,2.12
Y,Y,,0.5694,1.684,86.96,2.19
Y,Y,,0.5611,2.32,278.73,3.53
Y,Y,,0.5624,0.6371,56.43,0.508
Y,Y,0.376,0.4390,1.788,44.08,2.39
Y,Y,,0.7156,2.574,278.15,4.13
Y,Y,,0.6420,2.09,80.05,3.02
Y,Y,0.423,0.1186,1.039,301.96,1.06
Y,Y,,0.2353,0.9338,300.60,0.902
Y,Y,,0.3547,1.299,292.44,1.48
Y,Y,,0.5151,2.133,182.58,3.12
Y,Y,,0.6530,2.849,293.89,4.81
Y,Y,0.488,0.6755,1.114,231.07,1.18
Y,Y,,0.5865,1.527,10.62,1.89
Y,Y,,0.4851,1.671,263.70,2.16
Y,Y,,0.4121,0.9137,211.34,0.873
Y,Y,,0.2618,1.181,66.42,1.28
Y,Y,,0.2705,1.23,45.22,1.36
Y,Y,1.4,0.7117,2.527,316.19,4.02
Y,Y,,0.5951,1.901,43.48,2.62
Y,Y,,0.6568,2.017,235.19,2.87
Y,Y,0.432,0.4008,1.342,64.70,1.55
Y,Y,,0.6158,1.095,218.63,1.15
Y,Y,0.482,0.2614,1.118,108.11,1.18
Y,Y,,0.7022,1.479,244.53,1.8
Y,Y,,0.3693,0.823,30.60,0.747
Y,Y,0.217,0.3562,1.457,313.43,1.76
Y,Y,0.55,0.8258,1.699,123.36,2.21
Y,Y,,0.4695,1.576,50.32,1.98
Y,Y,0.344,0.3213,0.9375,125.78,0.908
Y,Y,1.136,0.2589,1.133,94.18,1.21
Y,Y,,0.5418,2.231,4.95,3.33
Y,Y,2.914,0.4771,1.084,104.99,1.13
Y,Y,1.989,0.8652,1.833,48.99,2.48
Y,Y,,0.6954,2.502,345.93,3.96
Y,Y,0.881,0.6417,2.462,54.50,3.86
Y,Y,0.495,0.4446,1.761,191.28,2.34
Y,Y,,0.8368,2.573,286.08,4.13
Y,Y,0.654,0.6025,2.109,243.06,3.06
Y,Y,0.398,0.3645,0.893,108.71,0.844
Y,Y,0.535,0.7011,2.956,60.01,5.08
Y,Y,,0.5332,2.015,175.25,2.86
Y,Y,,0.6610,1.675,100.33,2.17
Y,Y,0.291,0.5459,0.8748,136.04,0.818
Y,Y,,0.6462,2.28,233.53,3.44
Y,Y,,0.6324,1.001,200.26,1
Y,Y,,0.2519,1.133,76.65,1.21
Y,Y,0.785,0.2614,1.046,294.33,1.07
Y,Y,0.113,0.3600,0.7469,8.19,0.645
Y,Y,,0.4107,1.375,194.12,1.61
Y,Y,0.361,0.3783,1.454,301.85,1.75
Y,Y,,0.3277,1.129,284.75,1.2
Y,Y,,0.6573,2.409,305.57,3.74
Y,Y,0.562,0.6599,1.04,111.96,1.06
Y,Y,0.439,0.5142,1.269,263.93,1.43
Y,Y,,0.7844,2.718,277.99,4.48
Y,Y,,0.7195,1.379,234.82,1.62
Y,Y,,0.6087,1.917,271.30,2.65
Y,Y,0.888,0.6037,2.001,300.28,2.83
Y,Y,,0.3206,1.28,301.70,1.45
Y,Y,,0.9149,1.37,211.04,1.6
Y,Y,,0.2373,1.011,74.14,1.02
Y,Y,0.439,0.6170,1.372,92.47,1.61
Y,Y,,0.6109,1.67,85.34,2.16
Y,Y,,0.4005,1.238,285.16,1.38
Y,Y,,0.2485,0.9857,310.74,0.979
Y,Y,,0.5727,2.421,345.67,3.77
Y,Y,,0.4826,1.047,354.18,1.07
Y,Y,,0.6377,2.32,208.51,3.53
Y,Y,,0.5931,2.085,290.39,3.01
Y,Y,,0.3118,1.412,199.09,1.68
Y,Y,0.740,0.4080,1.566,130.70,1.96
Y,Y,1.199,0.7907,2.445,286.38,3.82
Y,Y,0.320,0.4145,1.273,277.51,1.44
Y,Y,0.407,0.4669,0.8115,224.47,0.731
Y,Y,0.4,0.5266,1.642,202.58,2.1
Y,Y,,0.7776,0.7967,212.47,0.711
Y,Y,,0.5408,1.389,274.41,1.64
Y,Y,0.187,0.3307,1.269,130.31,1.43
Y,Y,0.780,0.3101,1.412,176.24,1.68
Y,Y,,0.5515,0.8757,254.26,0.82
Y,Y,,0.7531,2.89,246.32,4.91
Y,Y,,0.3399,0.7533,156.64,0.654
Y,Y,0.4,0.4305,1.157,273.57,1.24
Y,Y,,0.4230,0.8621,109.83,0.8
Y,Y,0.654,0.4991,1.049,72.16,1.08
Y,Y,,0.6223,1.907,71.47,2.63
Y,Y,,0.3996,1.634,156.36,2.09
Y,Y,0.595,0.5095,0.9539,58.06,0.932
Y,Y,,0.5768,2.235,139.55,3.34
Y,Y,,0.6508,2.133,82.65,3.11
Y,Y,,0.5680,1.401,296.23,1.66
Y,Y,,0.0914,0.9327,118.24,0.901
Y,Y,,0.4401,0.8791,309.39,0.824
Y,Y,,0.2432,0.9357,318.72,0.905
Y,Y,,0.6768,2.69,246.80,4.41
Y,Y,,0.3739,1.543,153.86,1.92
Y,Y,,0.5360,1.284,274.69,1.46
Y,Y,,0.4099,1.38,293.37,1.62
Y,Y,,0.3731,1.252,249.54,1.4
Y,Y,0.204,0.3766,1.573,197.01,1.97
Y,Y,,0.5900,1.984,115.50,2.79
Y,Y,,0.5830,1.961,100.31,2.75
Y,Y,0.40,0.0828,0.9598,235.92,0.94
Y,Y,,0.5957,1.537,83.97,1.91
Y,Y,,0.7466,1.985,94.21,2.8
Y,Y,,0.5703,0.8727,156.05,0.815
Y,Y,,0.2780,1.19,84.21,1.3
Y,Y,,0.5349,2.225,206.15,3.32
Y,Y,0.496,0.4258,1.323,105.46,1.52
Y,Y,,0.5816,1.168,254.94,1.26
Y,Y,,0.2026,1.118,206.01,1.18
Y,Y,,0.2567,1.072,119.35,1.11
Y,Y,,0.6565,2.09,68.22,3.02
Y,Y,,0.2382,1.145,245.63,1.23
Y,Y,,0.5343,2.102,333.18,3.05
Y,Y,0.432,0.3296,1.285,250.24,1.46
Y,Y,0.255,0.4001,1.651,9.71,2.12
Y,Y,,0.6149,1.382,285.97,1.63
Y,Y,,0.4025,1.502,311.54,1.84
Y,Y,,0.2784,1.355,356.21,1.58
Y,Y,,0.5383,1.084,342.14,1.13
Y,Y,,0.5972,1.875,47.60,2.57
Y,Y,,0.5123,1.841,157.25,2.5
Y,Y,,0.4653,1.545,53.27,1.92
Y,Y,,0.6956,2.152,67.74,3.16
Y,Y,0.4,0.4787,1.54,105.34,1.91
Y,Y,,0.3568,1.373,321.87,1.61
Y,Y,0.558,0.4292,1.356,298.65,1.58
Y,Y,0.578,0.5298,0.8198,322.44,0.742
Y,Y,,0.0901,1.076,64.96,1.12
Y,Y,,0.4278,1.786,192.81,2.39
Y,Y,,0.5031,1.215,280.30,1.34
Y,Y,,0.2209,1.239,179.77,1.38
Y,Y,1.876,0.3369,0.7812,60.17,0.691
Y,Y,0.152,0.7240,1.586,228.81,2
Y,Y,,0.7787,1.681,253.45,2.18
Y,Y,,0.5522,1.903,114.76,2.63
Y,Y,0.371,0.5252,1.976,193.53,2.78
Y,Y,,0.7549,0.6766,29.69,0.557
Y,Y,,0.6020,1.048,252.05,1.07
Y,Y,0.674,0.0739,1.03,322.12,1.04
Y,Y,0.212,0.1709,0.9893,61.94,0.984
Y,Y,,0.4615,1.087,256.10,1.13
Y,Y,0.859,0.4508,1.815,13.19,2.44
Y,Y,0.386,0.1397,1.025,259.97,1.04
Y,Y,,0.3883,1.424,54.04,1.7
Y,Y,,0.6178,2.479,328.83,3.9
Y,Y,,0.6005,1.245,243.48,1.39
Y,Y,,0.6151,1.555,81.02,1.94
Y,Y,1.515,0.5701,2.005,219.54,2.84
Y,Y,0.230,0.2692,1.293,135.69,1.47
Y,Y,1.050,0.4975,1.653,59.66,2.12
Y,Y,,0.6359,2.69,62.85,4.41
Y,Y,,0.9266,1.266,149.68,1.43
Y,Y,,0.6053,2.387,145.03,3.69
Y,Y,,0.4459,1.099,73.82,1.15
Y,Y,,0.4164,1.298,251.27,1.48
Y,Y,,0.2799,1.286,220.77,1.46
Y,Y,,0.5561,1.957,244.66,2.74
Y,Y,0.986,0.6205,1.931,67.45,2.68
Y,Y,,0.3002,0.9165,290.96,0.877
Y,Y,,0.4392,1.726,316.99,2.27
Y,Y,,0.2667,0.9316,115.76,0.899
Y,Y,,0.3952,1.728,167.82,2.27
Y,Y,0.520,0.6456,1.543,76.83,1.92
Y,Y,,0.7629,2.107,107.91,3.06
Y,Y,,0.7814,1.31,238.33,1.5
Y,Y,,0.3269,1.501,103.28,1.84
Y,Y,,0.3174,1.38,334.21,1.62
Y,Y,,0.3933,1.405,118.30,1.67
Y,Y,0.811,0.0756,1.105,37.14,1.16
Y,Y,,0.1837,1.053,101.91,1.08
Y,Y,1.359,0.6051,2.314,224.23,3.52
Y,Y,,0.5737,1.707,290.70,2.23
Y,Y,0.367,0.9092,1.222,27.44,1.35
Y,Y,0.663,0.4625,1.692,333.21,2.2
Y,Y,1.060,0.8734,1.542,71.27,1.91
Y,Y,,0.4334,1.297,276.61,1.48
Y,Y,0.366,0.5131,1.963,323.53,2.75
Y,Y,,0.7761,1.365,59.34,1.59
Y,Y,,0.3917,1.592,219.79,2.01
Y,Y,0.451,0.4922,1.545,106.80,1.92
Y,Y,0.293,0.3803,0.8497,306.76,0.783
Y,Y,,0.2245,1.308,1.43,1.5
Y,Y,0.412,0.4500,1.898,193.37,2.61
Y,Y,0.724,0.4897,1.568,66.37,1.96
Y,Y,0.462,0.2733,0.8645,328.63,0.804
Y,Y,,0.9564,2.507,210.98,3.97
Y,Y,,0.5171,2.044,348.15,2.92
Y,Y,,0.4780,1.452,63.61,1.75
Y,Y,,0.2866,0.8245,72.06,0.749
Y,Y,,0.6801,0.9383,314.29,0.909
Y,Y,,0.7314,1.373,120.90,1.61
Y,Y,,0.4480,1.481,87.81,1.8
Y,Y,,0.5457,1.919,280.94,2.66
Y,Y,,0.3776,1.341,108.11,1.55
Y,Y,0.554,0.5742,1.924,221.65,2.67
Y,Y,,0.4430,1.316,257.46,1.51
Y,Y,1.457,0.7190,2.911,120.41,4.97
Y,Y,,0.2900,1.442,162.81,1.73
Y,Y,,0.3814,0.7767,321.97,0.685
Y,Y,,0.5697,0.9362,127.80,0.906
Y,Y,,0.5219,1.12,116.16,1.18
Y,Y,0.369,0.1992,0.9231,295.87,0.887
Y,Y,1.974,0.7597,3.201,238.62,5.73
Y,Y,,0.3352,1.321,142.29,1.52
Y,Y,,0.6537,2.122,284.98,3.09
Y,Y,,0.3676,0.7411,153.08,0.638
Y,Y,,0.4573,1.746,216.12,2.31
Y,Y,,0.1599,1.077,104.80,1.12
Y,Y,,0.7346,1.865,290.71,2.55
Y,Y,0.906,0.4975,1.193,258.31,1.3
Y,Y,,0.4872,1.727,143.76,2.27
Y,Y,,0.5503,0.7111,327.93,0.6
Y,Y,,0.1274,1.199,214.22,1.31
Y,Y,,0.3935,1.601,136.69,2.03
Y,Y,0.418,0.5956,2.458,344.15,3.85
Y,Y,,0.2658,1.25,135.44,1.4
Y,Y,,0.6999,1.876,269.12,2.57
Y,Y,,0.1977,1.262,173.88,1.42
Y,Y,0.890,0.4408,1.486,297.64,1.81
Y,Y,,0.3365,1.459,155.53,1.76
Y,Y,,0.6252,2.089,121.96,3.02
Y,Y,,0.1064,1.006,256.77,1.01
Y,Y,0.459,0.2002,1.225,9.66,1.36
Y,Y,0.357,0.0754,1.004,109.26,1.01
Y,Y,0.982,0.6720,2.548,322.42,4.07
Y,Y,,0.2347,1.283,149.66,1.45
Y,Y,0.176,0.2865,0.8537,188.09,0.789
Y,Y,0.619,0.5919,1.999,110.25,2.83
Y,Y,,0.6180,2.592,5.23,4.17
Y,Y,0.202,0.4502,1.85,164.37,2.52
Y,Y,,0.4047,1.472,304.87,1.79
Y,Y,,0.2435,1.257,59.70,1.41
Y,Y,,0.8703,0.9117,159.94,0.871
Y,Y,,0.4922,1.942,19.24,2.71
Y,Y,,0.1702,1.121,253.00,1.19
Y,Y,,0.6999,2.503,251.27,3.96
Y,Y,,0.5956,2.416,355.68,3.75
Y,Y,,0.8067,2.201,84.80,3.27
Y,Y,,0.7547,1.95,263.66,2.72
Y,Y,0.259,0.2009,1.077,84.52,1.12
Y,Y,0.528,0.7679,1.896,65.37,2.61
Y,Y,,0.7627,1.645,241.66,2.11
Y,Y,,0.1347,1.063,225.21,1.1
Y,Y,,0.5311,0.6352,353.01,0.506
Y,Y,0.310,0.3553,1.264,265.78,1.42
Y,Y,,0.3666,1.49,188.81,1.82
Y,Y,,0.4382,1.495,299.51,1.83
Y,Y,,0.6319,2.604,207.62,4.2
Y,Y,,0.5285,2.012,161.00,2.85
Y,Y,0.622,0.6989,2.971,317.00,5.12
Y,Y,2.159,0.6081,2.635,190.72,4.28
Y,Y,,0.3767,1.62,8.83,2.06
Y,Y,,0.4864,1.231,87.27,1.37
Y,Y,,0.3126,0.9633,260.92,0.945
Y,Y,,0.6653,0.674,9.20,0.553
Y,Y,,0.6638,2.198,107.12,3.26
Y,Y,,0.8234,1.914,19.11,2.65
Y,Y,,0.2931,1.209,130.31,1.33
Y,Y,,0.5434,1.859,140.53,2.53
Y,Y,,0.4745,1.154,33.25,1.24
Y,Y,,0.5437,2.112,186.57,3.07
Y,Y,,0.5499,1.023,50.59,1.03
Y,Y,,0.3692,1.236,105.79,1.37
Y,Y,,0.4302,1.681,223.36,2.18
Y,Y,,0.5625,1.995,133.90,2.82
Y,Y,0.228,0.3701,1.004,252.09,1.01
Y,Y,0.695,0.6874,2.928,319.53,5.01
Y,Y,,0.4251,1.666,242.42,2.15
Y,Y,,0.1922,1.035,99.04,1.05
Y,Y,0.288,0.2478,1.26,121.34,1.41
Y,Y,0.228,0.4265,1.76,28.63,2.34
Y,Y,,0.1744,1.07,262.03,1.11
Y,Y,0.437,0.1944,1.07,78.30,1.11
Y,Y,,0.5390,1.494,252.35,1.83
Y,Y,0.762,0.2926,1.306,48.17,1.49
Y,Y,,0.3638,1.478,159.67,1.8
Y,Y,,0.7055,2.237,247.00,3.35
Y,Y,,0.3482,1.459,248.51,1.76
Y,Y,,0.5262,1.709,88.05,2.23
Y,Y,,0.4134,1.715,179.25,2.25
Y,Y,,0.4123,1.544,61.86,1.92
Y,Y,,0.5418,1.998,127.01,2.83
Y,Y,,0.4092,1.426,102.37,1.7
Y,Y,,0.3327,1.432,193.21,1.71
Y,Y,,0.2757,1.231,121.35,1.37
Y,Y,,0.3378,0.9417,109.38,0.914
Y,Y,,0.5946,2.219,139.39,3.31
Y,Y,2.188,0.6984,3.21,337.26,5.75
Y,Y,,0.2797,1.285,95.69,1.46
Y,Y,,0.4960,1.84,223.00,2.5
Y,Y,,0.2309,1.188,325.74,1.29
Y,Y,,0.8268,1.698,110.03,2.21
Y,Y,,0.4937,1.76,331.73,2.33
Y,Y,,0.2727,1.15,87.80,1.23
Y,Y,,0.2776,0.82,29.02,0.743
Y,Y,0.495,0.2287,1.133,307.02,1.21
Y,Y,,0.2780,1.381,178.67,1.62
Y,Y,,0.4646,1.911,11.08,2.64
Y,Y,0.167,0.1447,1.015,98.78,1.02
Y,Y,0.548,0.4184,1.331,298.17,1.54
Y,Y,,0.6289,1.328,251.89,1.53
Y,Y,,0.2927,1.239,225.50,1.38
Y,Y,,0.7387,1.313,272.05,1.5
Y,Y,,0.5666,0.835,310.14,0.763
Y,Y,0.537,0.5802,2.299,186.97,3.49
Y,Y,,0.4803,1.978,154.96,2.78
Y,Y,,0.6220,1.577,265.74,1.98
Y,Y,,0.3022,1.454,335.92,1.75
Y,Y,,0.5245,1.941,38.35,2.7
Y,Y,,0.5657,1.03,122.27,1.05
Y,Y,,0.6692,2.068,135.65,2.97
Y,Y,,0.5376,1.854,237.74,2.53
Y,Y,1.102,0.6363,2.802,171.76,4.69
Y,Y,,0.5023,1.811,142.94,2.44
Y,Y,0.269,0.4530,1.662,279.03,2.14
Y,Y,,0.3008,1.01,123.79,1.02
Y,Y,,0.4960,1.859,216.86,2.53
Y,Y,0.227,0.3478,0.7706,7.29,0.676
Y,Y,,0.7236,1.065,229.53,1.1
Y,Y,,0.3179,1.172,120.56,1.27
Y,Y,,0.6248,2.084,90.52,3.01
Y,Y,,0.2291,1.241,21.88,1.38
Y,Y,,0.3513,1.252,310.00,1.4
Y,Y,,0.3655,1.131,272.76,1.2
Y,Y,0.150,0.5469,2.097,237.59,3.04
Y,Y,,0.6606,1.583,277.33,1.99
Y,Y,,0.6104,2.482,358.13,3.91
Y,Y,,0.4184,1.61,212.82,2.04
Y,Y,,0.5181,1.534,229.44,1.9
Y,Y,,0.4689,1.949,191.02,2.72
Y,Y,,0.3137,0.8452,162.79,0.777
Y,Y,,0.5108,0.7277,204.04,0.621
Y,Y,,0.5819,0.6715,17.81,0.55
Y,Y,,0.3658,1.323,76.79,1.52
Y,Y,0.197,0.4981,0.7122,340.73,0.601
Y,Y,0.308,0.4370,0.9042,242.31,0.86
Y,Y,,0.4233,1.008,325.18,1.01
Y,Y,,0.4866,1.401,256.81,1.66
Y,Y,,0.3952,0.9383,237.36,0.909
Y,Y,,0.3025,1.293,308.83,1.47
Y,Y,1.451,0.7321,2.865,304.52,4.85
Y,Y,,0.4937,1.17,97.52,1.27
Y,Y,,0.1327,1.078,297.03,1.12
Y,Y,,0.0645,1.085,359.87,1.13
Y,Y,,0.4985,1.47,312.89,1.78
Y,Y,,0.5803,0.9467,300.06,0.921
Y,Y,,0.5252,1.626,294.91,2.07
Y,Y,,0.3292,1.436,311.19,1.72
Y,Y,,0.5338,0.8558,153.00,0.792
Y,Y,0.321,0.2453,1.25,309.29,1.4
Y,Y,,0.3816,1.608,196.77,2.04
Y,Y,,0.5262,0.6709,356.58,0.55
Y,Y,,0.4438,0.8508,320.97,0.785
Y,Y,,0.7196,1.477,344.56,1.79
Y,Y,,0.4549,1.468,261.67,1.78
Y,Y,,0.5404,0.6769,318.99,0.557
Y,Y,0.537,0.2201,1.26,321.20,1.41
Y,Y,0.216,0.2457,1.362,144.68,1.59
Y,Y,,0.2805,0.9502,305.57,0.926
Y,Y,,0.4250,1.267,109.52,1.43
Y,Y,,0.8221,2.806,102.82,4.7
Y,Y,,0.5158,1.838,120.26,2.49
Y,Y,,0.3799,0.695,183.66,0.579
Y,Y,,0.0964,1.134,163.65,1.21
Y,Y,,0.2819,1.352,170.74,1.57
Y,Y,,0.6198,2.511,314.57,3.98
Y,Y,,0.6766,2.467,63.05,3.88
Y,Y,,0.4946,1.627,64.69,2.07
Y,Y,,0.4981,1.967,153.25,2.76
Y,Y,,0.4251,0.9592,243.89,0.94
Y,Y,,0.8298,1.586,47.17,2
Y,Y,,0.1668,1.138,307.57,1.21
Y,Y,,0.6822,1.43,302.94,1.71
Y,Y,,0.3708,1.215,260.28,1.34
Y,Y,0.202,0.4629,1.453,101.98,1.75
Y,Y,,0.3676,1.463,223.29,1.77
Y,Y,,0.4840,1.96,167.42,2.74
Y,Y,0.452,0.2349,1.187,58.33,1.29
Y,Y,,0.6239,1.487,81.07,1.81
Y,Y,,0.6213,2.747,178.29,4.55
Y,Y,,0.5756,2.328,338.78,3.55
Y,Y,,0.7276,3.027,126.46,5.27
Y,Y,,0.2358,0.9638,252.34,0.946
Y,Y,,0.7336,2.344,249.54,3.59
Y,Y,,0.2770,1.035,127.51,1.05
Y,Y,,0.4953,1.934,145.44,2.69
Y,Y,1.039,0.6886,1.451,104.01,1.75
Y,Y,,0.1291,1.061,61.10,1.09
Y,Y,,0.4092,1.213,244.79,1.34
Y,Y,0.237,0.1926,0.8555,10.59,0.791
Y,Y,,0.5718,1.929,240.91,2.68
Y,Y,,0.4500,1.193,272.66,1.3
Y,Y,,0.3340,1.428,352.86,1.71
Y,Y,,0.4108,0.8635,250.22,0.802
Y,Y,,0.5460,0.9191,311.38,0.881
Y,Y,,0.2150,1.204,297.37,1.32
Y,Y,,0.5568,2.257,32.93,3.39
Y,Y,,0.4807,1.728,38.41,2.27
Y,Y,0.3,0.4723,1.861,17.84,2.54
Y,Y,0.4,0.4602,1.862,330.93,2.54
Y,Y,,0.6466,1.819,275.46,2.45
Y,Y,,0.6939,1.314,238.02,1.51
Y,Y,,0.2639,1.26,46.33,1.41
Y,Y,0.461,0.3101,1.464,201.50,1.77
Y,Y,,0.6751,2.797,25.88,4.68
Y,Y,,0.5567,2.164,137.41,3.18
Y,Y,0.260,0.7627,1.454,124.94,1.75
Y,Y,,0.8319,3.342,95.79,6.11
Y,Y,,0.4839,1.948,162.91,2.72
Y,Y,,0.4808,1.712,220.62,2.24
Y,Y,0.380,0.2179,1.013,252.72,1.02
Y,Y,,0.5488,1.816,244.94,2.45
Y,Y,0.971,0.3038,1.299,299.65,1.48
Y,Y,0.665,0.6874,1.558,132.28,1.94
Y,Y,,0.8385,1.17,55.38,1.27
Y,Y,,0.2945,1.236,299.68,1.37
Y,Y,,0.7349,2.236,247.47,3.34
Y,Y,,0.6191,2.535,187.35,4.04
Y,Y,,0.7017,1.323,302.74,1.52
Y,Y,,0.2671,0.8797,223.14,0.825
Y,Y,,0.8110,1.895,65.18,2.61
Y,Y,,0.6521,2.401,245.80,3.72
Y,Y,,0.3742,0.7207,5.69,0.612
Y,Y,,0.4198,1.682,333.90,2.18
Y,Y,,0.6071,1.733,229.04,2.28
Y,Y,,0.5409,1.931,339.68,2.68
Y,Y,0.200,0.2104,1.225,158.32,1.36
Y,Y,,0.1508,1.148,238.89,1.23
Y,Y,1.647,0.6514,2.597,229.74,4.18
Y,Y,0.315,0.5684,1.007,143.22,1.01
Y,Y,,0.6000,0.9521,219.32,0.929
Y,Y,,0.5826,1.786,78.47,2.39
Y,Y,,0.5631,0.9509,231.46,0.927
Y,Y,,0.5277,1.181,274.54,1.28
Y,Y,,0.5234,1.728,250.28,2.27
Y,Y,,0.4039,1.559,336.47,1.95
Y,Y,,0.6036,2.264,286.54,3.41
Y,Y,,0.7150,1.242,312.93,1.38
Y,Y,,0.3491,1.034,246.25,1.05
Y,Y,,0.4601,1.543,292.96,1.92
Y,Y,,0.4773,1.023,254.01,1.03
Y,Y,,0.3180,1.371,350.17,1.61
Y,Y,,0.5825,2.064,218.17,2.96
Y,Y,,0.4544,1.844,194.41,2.5
Y,Y,,0.5724,2.191,159.72,3.24
Y,Y,0.083,0.2699,1.193,265.32,1.3
Y,Y,,0.8398,2.08,221.03,3
Y,Y,,0.3842,0.9954,255.50,0.993
Y,Y,1.851,0.7934,2.69,95.72,4.41
Y,Y,,0.5469,1.416,94.02,1.69
Y,Y,,0.5256,1.749,82.02,2.31
Y,Y,,0.6594,1.198,128.90,1.31
Y,Y,,0.6534,2.364,33.45,3.64
Y,Y,,0.8584,2.706,114.24,4.45
Y,Y,,0.4121,1.59,155.10,2.01
Y,Y,,0.7057,1.178,305.56,1.28
Y,Y,,0.4978,1.738,236.00,2.29
Y,Y,,0.5128,2.057,16.72,2.95
Y,Y,0.346,0.5029,0.8288,224.36,0.754
Y,Y,,0.4937,1.848,145.92,2.51
Y,Y,,0.4527,1.206,294.15,1.32
Y,Y,0.279,0.4831,1.877,188.66,2.57
Y,Y,,0.5500,2.122,108.37,3.09
Y,Y,,0.3714,1.492,28.10,1.82
Y,Y,,0.3584,0.7588,201.50,0.661
Y,Y,,0.2750,1.278,137.00,1.44
Y,Y,,0.3119,1.418,283.38,1.69
Y,Y,0.851,0.7185,2.7,234.69,4.44
Y,Y,,0.1370,1.206,10.99,1.32
Y,Y,,0.5975,2.245,319.40,3.36
Y,Y,,0.3123,1.253,301.12,1.4
Y,Y,,0.5067,0.9051,47.73,0.861
Y,Y,,0.5558,2.27,155.57,3.42
Y,Y,,0.4101,0.7236,355.41,0.616
Y,Y,,0.6429,2.424,118.89,3.77
Y,Y,,0.2733,1.226,113.63,1.36
Y,Y,,0.4091,1.459,71.63,1.76
Y,Y,,0.4104,0.7595,157.60,0.662
Y,Y,,0.7273,1.993,281.03,2.81
Y,Y,,0.3063,1.056,265.36,1.09
Y,Y,,0.3245,1.562,180.97,1.95
Y,Y,,0.3486,1.43,310.13,1.71
Y,Y,,0.4564,1.794,135.34,2.4
Y,Y,,0.2880,1.141,273.03,1.22
Y,Y,,0.2255,1.35,5.08,1.57
Y,Y,,0.7126,1.849,85.94,2.52
Y,Y,,0.1689,1.18,162.64,1.28
Y,Y,1.778,0.7348,2.677,309.88,4.38
Y,Y,0.363,0.5882,2.499,27.83,3.95
Y,Y,,0.2641,1.098,262.24,1.15
Y,Y,,0.8490,2.519,121.47,4
Y,Y,,0.2873,1.1,270.62,1.15
Y,Y,,0.3948,1.458,69.77,1.76
Y,Y,,0.5153,0.9175,311.96,0.879
Y,Y,,0.6481,2.114,124.25,3.07
Y,Y,,0.2974,0.9113,311.98,0.87
Y,Y,,0.5335,2.058,0.56,2.95
Y,Y,,0.1828,1.285,18.83,1.46
Y,Y,,0.2825,1.425,22.70,1.7
Y,Y,,0.3525,1.367,239.59,1.6
Y,Y,,0.8955,2.89,302.95,4.91
Y,Y,0.701,0.6585,2.385,337.62,3.68
Y,Y,,0.4010,1.587,229.74,2
Y,Y,,0.4026,1.538,41.40,1.91
Y,Y,,0.1817,1.26,188.91,1.41
Y,Y,0.654,0.7812,2.031,125.00,2.89
Y,Y,,0.7159,1.501,240.73,1.84
Y,Y,,0.2834,1.078,88.87,1.12
Y,Y,,0.4230,1.101,315.92,1.16
Y,Y,,0.4607,1.916,202.77,2.65
Y,Y,,0.3349,1.328,298.50,1.53
Y,Y,,0.5380,1.969,203.20,2.76
Y,Y,,0.4195,1.796,197.02,2.41
Y,Y,,0.7145,2.604,184.90,4.2
Y,Y,,0.7844,2.271,262.62,3.42
Y,Y,,0.6447,1.683,89.01,2.18
Y,Y,,0.6000,1.7,303.49,2.22
Y,Y,,0.1877,1.129,215.49,1.2
Y,Y,,0.3473,1.358,56.29,1.58
Y,Y,,0.5799,1.778,141.45,2.37
Y,Y,,0.4864,1.725,51.11,2.27
Y,Y,,0.6671,2.812,195.78,4.72
Y,Y,,0.6403,2.821,161.49,4.74
Y,Y,,0.3050,0.7703,338.54,0.676
Y,Y,,0.4166,1.066,255.91,1.1
Y,Y,,0.3661,1.644,191.61,2.11
Y,Y,,0.5755,1.324,84.54,1.52
Y,Y,,0.5272,2.019,189.04,2.87
Y,Y,,0.2893,1.421,347.06,1.69
Y,Y,,0.5363,1.917,124.30,2.65
Y,Y,,0.3418,1.418,281.80,1.69
Y,Y,,0.6038,2.164,122.65,3.18
Y,Y,,0.3892,1.291,87.87,1.47
Y,Y,,0.1586,1.052,273.73,1.08
Y,Y,,0.7545,1.987,298.61,2.8
Y,Y,,0.7157,1.988,275.19,2.8
Y,Y,,0.3336,0.7434,340.15,0.641
Y,Y,,0.1795,0.9586,242.93,0.939
Y,Y,,0.6404,1.895,133.20,2.61
Y,Y,,0.4703,0.8513,69.21,0.786
Y,Y,,0.4765,1.458,140.27,1.76
Y,Y,0.260,0.4101,0.8203,226.04,0.743
Y,Y,,0.2958,1.051,242.35,1.08
Y,Y,,0.5544,0.7803,324.35,0.689
Y,Y,,0.4555,1.502,247.33,1.84
Y,Y,,0.5954,2.359,336.92,3.62
Y,Y,,0.4738,1.555,79.01,1.94
Y,Y,,0.5743,1.655,295.05,2.13
Y,Y,,0.6489,2.293,321.65,3.47
Y,Y,,0.7062,2.748,235.34,4.56
Y,Y,,0.6168,2.175,73.44,3.21
Y,Y,,0.6001,1.849,68.23,2.51
Y,Y,,0.6070,1.865,267.61,2.55
Y,Y,,0.8581,1.217,218.59,1.34
Y,Y,,0.7160,2.093,260.75,3.03
Y,Y,,0.5030,2.095,199.81,3.03
Y,Y,,0.3332,1.296,111.13,1.47
Y,Y,,0.5715,1.853,79.72,2.52
Y,Y,1.374,0.8161,3.262,82.20,5.89
Y,Y,,0.6318,2.513,325.73,3.98
Y,Y,,0.6159,1.813,252.09,2.44
Y,Y,,0.4523,1.615,291.03,2.05
Y,Y,,0.5032,1.34,87.77,1.55
Y,Y,,0.5480,1.346,76.25,1.56
Y,Y,,0.5589,2.012,26.94,2.85
Y,Y,,0.6343,2.516,166.79,3.99
Y,Y,,0.2775,1.206,281.37,1.32
Y,Y,,0.3799,1.608,27.03,2.04
Y,Y,,0.4181,1.391,116.81,1.64
Y,Y,,0.5189,1.699,42.92,2.21
Y,Y,,0.4188,1.38,241.56,1.62
Y,Y,,0.6064,1.99,133.68,2.81
Y,Y,,0.5727,1.964,313.86,2.75
Y,Y,,0.5630,1.998,42.25,2.82
Y,Y,,0.8867,2.066,49.95,2.97
Y,Y,,0.4698,1.836,30.71,2.49
Y,Y,,0.7288,2.069,287.20,2.98
Y,Y,,0.5157,1.847,210.12,2.51
Y,Y,,0.7013,1.385,239.63,1.63
Y,Y,,0.6205,0.8606,63.12,0.798
Y,Y,,0.2666,1.218,115.39,1.34
Y,Y,,0.3891,1.335,225.61,1.54
Y,Y,,0.3052,1.303,119.67,1.49
Y,Y,,0.8459,2.239,234.78,3.35
Y,Y,,0.3977,1.557,216.53,1.94
Y,Y,,0.6125,2.06,75.27,2.96
Y,Y,,0.5108,1.839,343.91,2.49
Y,Y,,0.7456,1.49,90.30,1.82
Y,Y,,0.3523,1.568,357.30,1.96
Y,Y,,0.5652,2.089,229.79,3.02
Y,Y,,0.3986,1.425,326.47,1.7
Y,Y,,0.4937,1.612,299.08,2.05
Y,Y,,0.5191,0.7817,37.53,0.691
Y,Y,,0.5450,1.407,87.45,1.67
Y,Y,,0.4227,1.206,89.64,1.32
Y,Y,,0.7870,1.567,293.71,1.96
Y,Y,,0.4637,1.439,288.66,1.73
Y,Y,,0.5966,1.426,259.71,1.7
Y,Y,,0.7382,1.64,71.91,2.1
Y,Y,0.307,0.3156,0.8425,317.51,0.773
Y,Y,,0.5004,1.084,118.07,1.13
Y,Y,,0.5346,2.206,15.91,3.28
Y,Y,,0.6890,2.767,134.36,4.6
Y,Y,,0.5318,1.699,100.58,2.21
Y,Y,,0.4199,0.7324,158.12,0.627
Y,Y,,0.7198,1.491,309.41,1.82
Y,Y,,0.6066,2.002,291.23,2.83
Y,Y,,0.6693,2.685,144.70,4.4
Y,Y,0.242,0.3291,1.243,279.94,1.39
Y,Y,,0.6293,2.308,238.08,3.51
Y,Y,,0.5218,1.871,32.62,2.56
Y,Y,,0.7272,1.207,233.95,1.33
Y,Y,,0.6031,2.095,97.45,3.03
Y,Y,,0.6336,2.585,161.16,4.16
Y,Y,,0.4140,1.608,98.58,2.04
Y,Y,,0.5429,1.614,115.20,2.05
Y,Y,,0.6531,2.763,183.79,4.59
Y,Y,,0.5497,2.356,0.16,3.62
Y,Y,,0.5959,2.403,194.16,3.72
Y,Y,,0.1586,1.178,283.97,1.28
Y,Y,,0.6222,2.099,299.80,3.04
Y,Y,0.511,0.1488,1.177,215.28,1.28
Y,Y,,0.6062,2.196,216.15,3.25
Y,Y,,0.1907,1.167,154.60,1.26
Y,Y,,0.4127,0.8194,44.29,0.742
Y,Y,,0.7522,2.373,264.80,3.66
Y,Y,,0.5268,2.119,29.77,3.09
Y,Y,,0.1837,1.257,188.27,1.41
Y,Y,,0.6654,2.155,114.55,3.16
Y,Y,,0.6196,2.102,108.35,3.05
Y,Y,,0.5947,0.9828,73.83,0.974
Y,Y,,0.6141,2.508,163.17,3.97
Y,Y,,0.5635,1.825,286.17,2.47
Y,Y,,0.3883,1.375,315.97,1.61
Y,Y,,0.3169,1.467,13.29,1.78
Y,Y,,0.6650,1.35,281.92,1.57
Y,Y,,0.4408,1.191,246.44,1.3
Y,Y,,0.6940,2.727,248.43,4.5
Y,Y,,0.5355,2.262,173.27,3.4
Y,Y,,0.5756,1.606,67.66,2.03
Y,Y,,0.5536,2.351,30.98,3.6
Y,Y,,0.5314,1.249,114.61,1.4
Y,Y,,0.5272,1.601,70.49,2.02
Y,Y,,0.5610,2.009,242.07,2.85
Y,Y,,0.3649,1.146,91.33,1.23
Y,Y,,0.3833,1.513,307.47,1.86
Y,Y,,0.1221,1.198,356.65,1.31
Y,Y,,0.5042,1.866,213.42,2.55
Y,Y,,0.2461,1.225,234.00,1.36
Y,Y,,0.6491,2.535,224.28,4.04
Y,Y,,0.5037,1.558,288.24,1.94
Y,Y,,0.5782,2.336,204.83,3.57
Y,Y,,0.5503,2.33,159.61,3.56
Y,Y,1.316,0.8611,2.237,317.64,3.35
Y,Y,,0.6642,1.396,109.22,1.65
Y,Y,,0.3948,1.19,100.85,1.3
Y,Y,,0.3618,1.121,272.19,1.19
Y,Y,,0.4573,1.613,25.17,2.05
Y,Y,,0.5868,1.367,68.77,1.6
Y,Y,,0.3255,1.49,65.39,1.82
Y,Y,,0.4241,1.751,178.56,2.32
Y,Y,,0.6146,2.386,233.46,3.69
Y,Y,,0.7024,2.67,319.90,4.36
Y,Y,,0.5845,1.695,245.54,2.21
Y,Y,,0.5986,1.977,43.52,2.78
Y,Y,,0.6584,2.117,262.86,3.08
Y,Y,,0.5339,1.369,262.38,1.6
Y,Y,0.296,0.5033,1.941,166.16,2.7
Y,Y,,0.5991,2.201,323.77,3.27
Y,Y,,0.3284,1.438,145.88,1.73
Y,Y,,0.3179,1.384,160.63,1.63
Y,Y,,0.5259,1.253,95.74,1.4
Y,Y,,0.3289,1.48,5.15,1.8
Y,Y,,0.6345,2.531,328.79,4.03
Y,Y,,0.3871,1.532,150.70,1.9
Y,Y,,0.5196,2.133,189.27,3.11
Y,Y,,0.7084,2.228,75.58,3.33
Y,Y,,0.6542,1.926,89.77,2.67
Y,Y,,0.6386,2.151,99.45,3.15
Y,Y,,0.6064,2.047,246.12,2.93
Y,Y,,0.8684,0.9069,322.84,0.864
Y,Y,,0.7002,2.57,248.55,4.12
Y,Y,,0.5988,2.104,226.63,3.05
Y,Y,,0.6465,2.783,3.21,4.64
Y,Y,,0.5615,1.602,250.51,2.03
Y,Y,,0.4948,1.737,296.64,2.29
Y,Y,,0.6087,2.02,90.61,2.87
Y,Y,,0.6928,2.511,80.42,3.98
Y,Y,,0.5098,2.042,324.80,2.92
Y,Y,,0.7415,2.042,273.96,2.92
Y,Y,0.383,0.7139,2.743,268.72,4.54
Y,Y,,0.5805,1.148,241.88,1.23
Y,Y,,0.6695,2.837,22.54,4.78
Y,Y,,0.6775,2.603,115.53,4.2
Y,Y,0.150,0.5866,1.972,78.85,2.77
Y,Y,,0.6239,1.399,69.28,1.65
Y,Y,,0.4771,1.545,107.00,1.92
Y,Y,,0.6026,2.12,293.92,3.09
Y,Y,,0.4732,1.306,80.02,1.49
Y,Y,,0.7268,1.165,133.36,1.26
Y,Y,,0.6134,1.454,103.43,1.75
Y,Y,,0.4359,1.583,302.23,1.99
Y,Y,,0.6632,2.157,149.65,3.17
Y,Y,,0.5040,1.898,18.26,2.62
Y,Y,,0.9473,17.81,333.27,75.2
Y,Y,0.811,0.7028,2.384,302.91,3.68
Y,Y,,0.5933,2.464,61.87,3.87
Y,Y,0.316,0.5194,1.286,287.77,1.46
Y,Y,,0.2720,1.323,50.26,1.52
Y,Y,,0.5647,2.334,178.83,3.57
Y,Y,,0.6195,1.775,247.96,2.36
Y,Y,,0.6809,2.843,148.11,4.79
Y,Y,,0.7674,2.216,254.18,3.3
Y,Y,,0.5551,2.048,216.90,2.93
Y,Y,,0.4620,1.332,83.31,1.54
Y,Y,,0.6545,2.597,224.23,4.18
Y,Y,,0.6029,2.313,94.82,3.52
Y,Y,,0.6667,2.672,218.94,4.37
Y,Y,,0.5229,1.409,79.66,1.67
Y,Y,,0.3387,1.372,78.67,1.61
Y,Y,,0.1828,1.073,280.96,1.11
Y,Y,,0.4551,1.747,37.92,2.31
Y,Y,,0.2621,0.8784,230.21,0.823
Y,Y,,0.6616,2.523,63.26,4.01
Y,Y,,0.6835,3.219,359.14,5.77
Y,Y,,0.7752,1.663,218.63,2.15
Y,Y,,0.7656,2.598,116.05,4.19
Y,Y,,0.7196,2.256,114.55,3.39
Y,Y,,0.3434,1.021,261.26,1.03
Y,Y,,0.7713,2.403,16.73,3.72
Y,Y,,0.6222,1.863,99.65,2.54
Y,Y,,0.6298,2.403,359.53,3.73
Y,Y,,0.4361,1.705,201.06,2.23
Y,Y,,0.6501,2.338,170.87,3.58
Y,Y,,0.3757,1.421,114.34,1.69
Y,Y,,0.2545,1.11,268.30,1.17
Y,Y,,0.5974,1.68,223.89,2.18
Y,Y,,0.6649,2.36,191.18,3.63
Y,Y,,0.6474,1.771,227.40,2.36
Y,Y,,0.6429,2.218,67.08,3.3
Y,Y,,0.9002,2.392,224.38,3.7
Y,Y,,0.1321,1.041,103.86,1.06
Y,Y,,0.5615,1.932,67.67,2.69
Y,Y,,0.8000,2.461,107.20,3.86
Y,Y,,0.7211,3.633,189.84,6.92
Y,Y,,0.5569,1.006,186.81,1.01
Y,Y,,0.3854,1.146,81.74,1.23
Y,Y,,0.6225,2.493,36.27,3.94
Y,Y,,0.7186,1.946,244.42,2.72
Y,Y,,0.8638,2.341,115.49,3.58
Y,Y,,0.6572,2.471,286.04,3.88
Y,Y,,0.4371,0.7792,323.82,0.688
Y,Y,,0.6666,2.119,97.15,3.08
Y,Y,,0.7937,1.236,42.67,1.37
Y,Y,,0.4467,1.866,203.17,2.55
Y,Y,,0.5603,1.703,28.64,2.22
Y,Y,0.84,0.4448,1.832,180.55,2.48
Y,Y,,0.5074,1.647,117.38,2.11
Y,Y,,0.4991,1.86,165.75,2.54
Y,Y,,0.6885,2.397,274.44,3.71
Y,Y,,0.8896,2.1,218.13,3.04
Y,Y,,0.5896,1.914,81.09,2.65
Y,Y,,0.6954,2.123,274.02,3.09
Y,Y,,0.6826,3.227,174.50,5.8
Y,Y,,0.7646,2.069,90.63,2.98
Y,Y,,0.6301,2.775,343.79,4.62
Y,Y,,0.3945,1.157,76.10,1.24
Y,Y,,0.6599,2.941,149.88,5.04
Y,Y,,0.4654,1.955,174.18,2.73
Y,Y,,0.6687,2.518,345.41,4
Y,Y,,0.5707,1.357,230.98,1.58
Y,Y,,0.7964,2.508,237.58,3.97
Y,Y,,0.6176,1.499,67.38,1.84
Y,Y,,0.6706,2.874,27.67,4.87
Y,Y,,0.7081,2.05,269.93,2.94
Y,Y,,0.5873,2.495,208.41,3.94
Y,Y,,0.6247,2.552,34.01,4.08
Y,Y,,0.5599,2.362,23.82,3.63
Y,Y,,0.5641,1.215,356.52,1.34
Y,Y,,0.5182,1.972,140.93,2.77
Y,Y,,0.7989,2.614,96.08,4.23
Y,Y,,0.4697,1.947,317.04,2.72
Y,Y,,0.1318,1.133,350.88,1.21
Y,Y,,0.6040,1.814,299.32,2.44
Y,Y,,0.6476,2.783,184.91,4.64
Y,Y,,0.5817,2.171,126.40,3.2
Y,Y,,0.4259,0.8744,43.95,0.818
Y,Y,,0.5538,2.23,212.76,3.33
Y,Y,,0.5002,1.628,112.75,2.08
Y,Y,,0.7344,2.592,107.19,4.17
Y,Y,,0.6898,2.39,110.69,3.7
Y,Y,,0.7119,2.139,97.37,3.13
Y,Y,,0.1814,0.8724,168.70,0.815
Y,Y,,0.6089,1.545,276.94,1.92
Y,Y,,0.6022,2.152,357.51,3.16
Y,Y,,0.4957,2.053,175.67,2.94
Y,Y,,0.1263,1.042,254.50,1.06
Y,Y,,0.1813,1.081,109.70,1.12
Y,Y,,0.5975,2.25,22.99,3.38
Y,Y,,0.6413,2.776,164.12,4.62
Y,Y,,0.4716,1.884,27.59,2.59
Y,Y,,0.7427,2.537,118.36,4.04
Y,Y,,0.5717,1.931,234.93,2.68
Y,Y,,0.6472,2.349,321.08,3.6
Y,Y,,0.6042,2.428,225.13,3.78
Y,Y,,0.7014,1.642,71.24,2.11
Y,Y,,0.6041,2.603,353.83,4.2
Y,Y,,0.3409,1.441,50.39,1.73
Y,Y,,0.4949,1.943,323.34,2.71
Y,Y,,0.7842,2.438,262.01,3.81
Y,Y,,0.7811,2.27,124.67,3.42
Y,Y,,0.6279,2.638,144.53,4.29
Y,Y,,0.5575,1.936,329.39,2.69
Y,Y,,0.6783,3.2,156.06,5.73
Y,Y,,0.6424,2.654,131.48,4.32
Y,Y,,0.3128,0.9299,134.66,0.897
Y,Y,,0.6927,2.494,105.03,3.94
Y,Y,,0.4863,1.131,65.73,1.2
Y,Y,,0.8965,2.495,306.48,3.94
Y,Y,,0.7110,2.479,95.75,3.9
Y,Y,,0.5334,2.009,231.99,2.85
Y,Y,,0.7171,1.611,91.42,2.04
Y,Y,,0.5618,2.248,232.50,3.37
Y,Y,,0.5544,2.17,197.48,3.2
Y,Y,,0.6494,2.118,255.45,3.08
Y,Y,,0.7067,2.045,259.93,2.93
Y,Y,,0.8338,2.317,61.77,3.53
Y,Y,,0.6487,2.135,105.98,3.12
Y,Y,,0.3450,1.442,48.48,1.73
Y,Y,,0.5014,1.814,224.40,2.44
Y,Y,,0.2890,1.188,243.26,1.29
Y,Y,,0.6220,2.799,175.29,4.68
Y,Y,,0.0529,1.051,144.70,1.08
Y,Y,,0.7777,1.831,295.66,2.48
Y,Y,1.258,0.7183,2.763,243.79,4.59
Y,Y,,0.7176,2.733,112.44,4.52
Y,Y,,0.1675,1.242,323.55,1.38
Y,Y,,0.6551,2.11,112.79,3.06
Y,Y,,0.9027,1.286,218.61,1.46
Y,Y,,0.4414,1.865,349.62,2.55
Y,Y,,0.5951,2.349,71.89,3.6
Y,Y,,0.6227,1.677,283.52,2.17
Y,Y,,0.6055,1.674,131.88,2.17
Y,Y,,0.4250,1.628,306.86,2.08
Y,Y,,0.6072,2.562,345.98,4.1
Y,Y,,0.5291,2.196,353.34,3.26
Y,Y,,0.6951,2.757,233.99,4.58
Y,Y,,0.0937,1.103,149.91,1.16
Y,Y,,0.6572,2.651,325.52,4.32
Y,Y,,0.6460,2.632,217.70,4.27
Y,Y,,0.6510,2.82,20.48,4.74
Y,Y,,0.7303,1.084,223.17,1.13
Y,Y,,0.0967,1.035,71.02,1.05
Y,Y,,0.7035,2.422,37.33,3.77
Y,Y,,0.6472,2.262,139.49,3.4
Y,Y,,0.5679,1.934,252.35,2.69
Y,Y,,0.6395,1.301,298.98,1.48
Y,Y,,0.5729,1.968,158.48,2.76
Y,Y,,0.5686,2.384,221.96,3.68
Y,Y,,0.5304,2.118,145.17,3.08
Y,Y,,0.6148,1.552,275.86,1.93
Y,Y,,0.5513,1.766,214.87,2.35
Y,Y,,0.6743,2.046,103.57,2.93
Y,Y,,0.3743,1.33,100.13,1.53
Y,Y,,0.5446,1.946,118.56,2.72
Y,Y,,0.6873,2.334,269.68,3.57
Y,Y,,0.2774,1.116,72.52,1.18
Y,Y,,0.5796,1.883,233.98,2.58
Y,Y,,0.5754,1.03,239.13,1.05
Y,Y,,0.6466,2.047,307.03,2.93
Y,Y,,0.6177,1.331,100.50,1.54
Y,Y,,0.6031,2.372,38.33,3.65
Y,Y,,0.4285,1.567,58.43,1.96
Y,Y,,0.2268,1.322,149.05,1.52
Y,Y,,0.5796,1.938,63.23,2.7
Y,Y,,0.5132,2.061,36.15,2.96
Y,Y,,0.5884,2.279,353.73,3.44
Y,Y,,0.3530,1.26,106.10,1.42
Y,Y,,0.0254,1.042,302.16,1.06
Y,Y,,0.4560,1.614,49.30,2.05
Y,Y,,0.8818,2.249,140.48,3.37
Y,Y,,0.7393,2.047,181.27,2.93
Y,Y,,0.5213,1.821,327.46,2.46
Y,Y,,0.2871,1.083,101.07,1.13
Y,Y,,0.5604,2.308,161.05,3.51
Y,Y,,0.5837,2.009,242.12,2.85
Y,Y,,0.7187,2.493,286.40,3.94
Y,Y,,0.2665,0.8411,150.03,0.771
Y,Y,,0.8409,2.553,341.47,4.08
Y,Y,,0.5286,1.695,298.37,2.21
Y,Y,,0.6364,2.468,40.85,3.88
Y,Y,,0.6493,0.9822,139.68,0.973
Y,Y,,0.8877,3.333,65.96,6.08
Y,Y,,0.6375,1.903,79.12,2.63
Y,Y,,0.4244,1.195,126.47,1.31
Y,Y,,0.6790,2.295,268.91,3.48
Y,Y,,0.4538,1.51,253.26,1.86
Y,Y,,0.7010,2.133,92.08,3.11
Y,Y,,0.6626,2.889,30.50,4.91
Y,Y,,0.8171,1.707,232.95,2.23
Y,Y,,0.4868,1.71,66.86,2.24
Y,Y,,0.6015,2.031,95.89,2.89
Y,Y,,0.6031,2.614,181.28,4.23
Y,Y,,0.6198,2.561,224.07,4.1
Y,Y,,0.5190,2.146,34.03,3.14
Y,Y,,0.1753,1.244,18.35,1.39
Y,Y,,0.8704,2.727,285.89,4.5
Y,Y,,0.5136,2.016,217.93,2.86
Y,Y,,0.5299,1.785,108.76,2.39
Y,Y,,0.6381,2.859,194.31,4.83
Y,Y,,0.7015,2.316,276.17,3.52
Y,Y,,0.6088,2.555,51.67,4.08
Y,Y,,0.5502,2.034,85.92,2.9
Y,Y,,0.2842,0.8037,125.54,0.721
Y,Y,,0.6420,2.466,221.16,3.87
Y,Y,,0.5177,1.949,131.91,2.72
Y,Y,,0.4421,1.172,256.17,1.27
Y,Y,,0.6944,2.994,217.95,5.18
Y,Y,,0.6685,2.819,78.21,4.73
Y,Y,,0.8121,2.476,235.93,3.9
Y,Y,,0.3810,1.624,10.38,2.07
Y,Y,,0.3034,0.8176,115.27,0.739
Y,Y,,0.6246,2.582,44.06,4.15
Y,Y,,0.6009,2.472,170.61,3.89
Y,Y,,0.7436,2.418,91.18,3.76
Y,Y,,0.4739,1.438,293.43,1.72
Y,Y,,0.7212,2.298,283.11,3.48
Y,Y,,0.4979,1.561,219.70,1.95
Y,Y,,0.8254,2.185,119.60,3.23
Y,Y,,0.5932,1.718,115.08,2.25
Y,Y,,0.4458,1.867,172.92,2.55
Y,Y,,0.5741,2.21,134.93,3.29
Y,Y,,0.5848,1.921,290.41,2.66
Y,Y,,0.4823,1.52,234.70,1.87
Y,Y,,0.3078,1.13,277.18,1.2
Y,Y,,0.4498,1.804,209.72,2.42
Y,Y,,0.4702,0.8926,133.15,0.843
Y,Y,,0.5423,2.143,342.49,3.14
Y,Y,,0.6865,2.198,107.67,3.26
Y,Y,,0.6096,2.176,22.87,3.21
Y,Y,,0.8669,1.782,318.59,2.38
Y,Y,,0.6153,2.381,143.39,3.67
Y,Y,,0.8472,1.956,291.33,2.74
Y,Y,,0.3708,1.273,107.67,1.44
Y,Y,,0.8029,2.136,262.05,3.12
Y,Y,,0.6641,1.73,83.68,2.28
Y,Y,,0.6297,1.919,286.61,2.66
Y,Y,,0.5663,1.94,116.94,2.7
Y,Y,,0.8301,2.035,130.84,2.9
Y,Y,,0.6489,2.682,99.61,4.39
Y,Y,,0.4178,1.362,282.42,1.59
Y,Y,,0.7365,1.134,102.06,1.21
Y,Y,,0.6685,1.874,37.04,2.57
Y,Y,,0.5333,2.044,334.32,2.92
Y,Y,,0.8046,1.967,95.90,2.76
Y,Y,,0.6907,1.644,72.70,2.11
Y,Y,,0.6651,1.958,261.62,2.74
Y,Y,,0.5775,2.243,320.32,3.36
Y,Y,,0.6442,1.95,294.26,2.72
Y,Y,,0.5855,1.704,63.78,2.22
Y,Y,,0.5228,1.181,110.12,1.28
Y,Y,,0.5829,2.261,312.29,3.4
Y,Y,,0.5698,2.217,215.44,3.3
Y,Y,,0.6195,2.05,127.37,2.94
Y,Y,,0.6662,2.153,80.29,3.16
Y,Y,,0.6210,2.772,197.11,4.62
Y,Y,,0.6952,3.069,214.64,5.38
Y,Y,,0.4760,1.547,126.51,1.92
Y,Y,,0.6537,1.333,25.89,1.54
Y,Y,,0.5482,2.103,177.25,3.05
Y,Y,,0.7199,2.218,88.70,3.3
Y,Y,,0.1399,1.079,113.62,1.12
Y,Y,,0.6883,2.334,294.59,3.57
Y,Y,,0.3723,1.23,95.06,1.36
Y,Y,,0.7744,1.263,136.65,1.42
Y,Y,,0.7431,3.085,113.24,5.42
Y,Y,,0.4629,1.943,186.99,2.71
Y,Y,,0.6026,1.982,118.06,2.79
Y,Y,,0.0716,0.9448,20.04,0.918
Y,Y,,0.2433,1.238,42.77,1.38
Y,Y,,0.5441,2.139,0.09,3.13
Y,Y,,0.6385,2.262,34.87,3.4
Y,Y,,0.3556,1.366,116.04,1.6
Y,Y,,0.4929,1.854,209.48,2.52
Y,Y,,0.6398,2.431,142.46,3.79
Y,Y,,0.4120,0.8501,347.86,0.784
Y,Y,,0.5209,1.69,224.27,2.2
Y,Y,,0.1035,1.066,347.93,1.1
Y,Y,,0.5650,1.89,243.36,2.6
Y,Y,,0.6648,2.834,211.61,4.77
Y,Y,,0.5817,2.451,155.30,3.84
Y,Y,,0.7020,2.104,253.74,3.05
Y,Y,,0.6467,1.91,73.36,2.64
Y,Y,,0.8119,2.224,49.44,3.32
Y,Y,,0.4945,1.36,284.25,1.59
Y,Y,,0.5970,1.889,109.52,2.6
Y,Y,,0.6608,2.549,135.06,4.07
Y,Y,0.453,0.4826,1.861,30.76,2.54
Y,Y,,0.5636,2.269,192.33,3.42
Y,Y,,0.6441,2.551,167.00,4.07
Y,Y,,0.7021,1.092,122.72,1.14
Y,Y,,0.6518,2.369,116.99,3.65
Y,Y,,0.7264,2.608,103.83,4.21
Y,Y,,0.5955,2.436,158.20,3.8
Y,Y,,0.5774,2.379,218.38,3.67
Y,Y,,0.1932,1.25,164.32,1.4
Y,Y,,0.7505,1.608,119.13,2.04
Y,Y,,0.4483,1.648,48.80,2.12
Y,Y,,0.8182,2.214,243.80,3.29
Y,Y,,0.4199,1.66,212.64,2.14
Y,Y,,0.7737,1.522,321.24,1.88
Y,Y,,0.5881,2.166,63.52,3.19
Y,Y,,0.3726,1.332,84.08,1.54
Y,Y,,0.6126,2.385,334.50,3.68
Y,Y,,0.5529,2.201,355.09,3.27
Y,Y,,0.4439,1.065,259.88,1.1
Y,Y,,0.4382,1.628,321.17,2.08
Y,Y,,0.6285,2.78,7.68,4.63
Y,Y,,0.6548,2.512,317.04,3.98
Y,Y,,0.5415,1.535,99.72,1.9
Y,Y,,0.7365,1.789,280.48,2.39
Y,Y,,0.5597,0.9373,121.05,0.907
Y,Y,,0.6394,2.593,190.54,4.17
Y,Y,,0.3495,1.523,333.52,1.88
Y,Y,,0.5953,2.007,170.91,2.84
Y,Y,,0.5589,1.978,237.91,2.78
Y,Y,,0.5866,2.206,123.42,3.28
Y,Y,,0.5829,2.448,183.45,3.83
Y,Y,,0.3673,1.172,90.90,1.27
Y,Y,,0.3562,0.927,129.83,0.893
Y,Y,,0.6138,2.528,201.26,4.02
Y,Y,,0.4684,1.473,13.54,1.79
Y,Y,0.129,0.3274,1.013,244.68,1.02
Y,Y,,0.2822,0.8373,315.27,0.766
Y,Y,,0.4997,1.641,261.11,2.1
Y,Y,,0.7291,1.461,219.92,1.77
Y,Y,,0.5842,1.984,50.92,2.8
Y,Y,,0.4895,1.73,295.26,2.27
Y,Y,,0.6760,2.17,116.23,3.2
Y,Y,,0.5904,1.536,244.15,1.9
Y,Y,,0.2595,1.206,41.10,1.32
Y,Y,,0.5992,2.352,218.02,3.61
Y,Y,,0.6204,2.718,202.23,4.48
Y,Y,,0.6374,2.698,56.51,4.43
Y,Y,,0.6747,2.211,114.21,3.29
Y,Y,,0.8009,2.213,271.85,3.29
Y,Y,,0.3219,1.428,37.75,1.71
Y,Y,,0.5982,2.013,42.21,2.86
Y,Y,,0.6737,3.039,204.63,5.3
Y,Y,,0.5349,1.785,306.05,2.38
Y,Y,,0.3163,0.8186,30.58,0.741
Y,Y,,0.5627,1.441,256.13,1.73
Y,Y,,0.3253,1.413,221.52,1.68
Y,Y,,0.7265,1.345,237.92,1.56
Y,Y,,0.6785,2.455,195.15,3.85
Y,Y,,0.6872,2.568,327.13,4.12
Y,Y,,0.7674,2.18,82.02,3.22
Y,Y,,0.3717,1.325,162.92,1.53
Y,Y,,0.1797,1.228,186.55,1.36
Y,Y,0.340,0.6713,2.867,304.00,4.86
Y,Y,,0.3354,1.538,14.33,1.91
Y,Y,0.149,0.7456,1.613,117.05,2.05
Y,Y,,0.6501,2.742,196.11,4.54
Y,Y,,0.8883,2.187,235.15,3.23
Y,Y,,0.7718,2.841,107.98,4.79
Y,Y,0.285,0.3563,1.527,359.53,1.89
Y,Y,0.095,0.6317,2.38,105.34,3.67
Y,Y,0.402,0.6232,2.677,63.60,4.38
Y,Y,0.203,0.6578,2.696,57.21,4.43
Y,Y,0.510,0.5639,2.18,201.60,3.22
Y,Y,,0.7239,3.655,343.28,6.99
Y,Y,0.192,0.3198,1.19,292.02,1.3
Y,Y,0.208,0.6110,2.231,289.91,3.33
Y,Y,0.226,0.5445,1.723,87.04,2.26
Y,Y,,0.6686,1.069,28.90,1.1
Y,Y,0.214,0.5903,2.381,185.58,3.67
Y,Y,,0.7640,2.109,260.24,3.06
Y,Y,,0.6622,2.384,287.77,3.68
Y,Y,,0.5863,2.168,232.99,3.19
Y,Y,0.417,0.2339,1.275,234.97,1.44
Y,Y,0.213,0.2118,0.8889,131.06,0.838
Y,Y,0.108,0.8073,1.829,249.31,2.47
Y,Y,0.877,0.7609,1.89,79.58,2.6
Y,Y,0.599,0.5398,1.756,119.21,2.33
Y,Y,0.238,0.4093,1.629,8.15,2.08
Y,Y,0.143,0.6759,0.6821,195.65,0.563
Y,Y,,0.6544,2.16,116.80,3.18
Y,Y,,0.5450,2.211,2.47,3.29
Y,Y,,0.5959,2.392,67.24,3.7
Y,Y,,0.6694,2.351,69.72,3.61
Y,Y,,0.3902,1.498,13.32,1.83
Y,Y,0.603,0.8249,2.213,92.67,3.29
Y,Y,,0.5235,1.483,101.55,1.81
Y,Y,0.712,0.6162,2.65,20.40,4.31
Y,Y,,0.7734,2.238,102.09,3.35
Y,Y,,0.6783,2.455,76.57,3.85
Y,Y,,0.6384,1.962,247.93,2.75
Y,Y,,0.6973,2.19,135.44,3.24
Y,Y,0.380,0.5920,2.446,215.66,3.83
Y,Y,0.152,0.6117,1.754,65.78,2.32
Y,Y,0.124,0.1813,0.9184,310.30,0.88
Y,Y,,0.6718,2.126,288.10,3.1
Y,Y,,0.5035,1.973,200.49,2.77
Y,Y,,0.4391,1.286,285.90,1.46
Y,Y,,0.5281,1.743,237.33,2.3
Y,Y,,0.3013,1.157,107.45,1.25
Y,Y,0.273,0.3427,1.523,197.34,1.88
Y,Y,,0.4946,1.822,94.57,2.46
Y,Y,,0.6971,2.373,125.07,3.66
Y,Y,,0.6454,2.811,348.67,4.71
Y,Y,,0.7832,2.263,240.14,3.4
Y,Y,,0.7097,2.634,302.99,4.27
Y,Y,,0.8031,1.921,63.30,2.66
Y,Y,,0.4644,1.83,221.39,2.47
Y,Y,,0.9449,2.493,305.88,3.94
Y,Y,,0.7184,1.726,69.69,2.27
Y,Y,,0.1153,1.123,171.26,1.19
Y,Y,,0.5494,1.473,105.83,1.79
Y,Y,,0.6109,2.15,221.21,3.15
Y,Y,,0.0493,0.9573,350.52,0.937
Y,Y,,0.6423,2.622,146.26,4.25
Y,Y,,0.6902,1.996,82.30,2.82
Y,Y,,0.7435,2.343,282.45,3.59
Y,Y,,0.5404,1.654,17.23,2.13
Y,Y,,0.5689,1.191,94.90,1.3
Y,Y,,0.7860,1.565,227.45,1.96
Y,Y,,0.5911,1.8,109.69,2.41
Y,Y,,0.9226,3.363,307.63,6.17
Y,Y,,0.6918,2.818,334.46,4.73
Y,Y,,0.4510,1.928,163.63,2.68
Y,Y,,0.2875,1.185,286.18,1.29
Y,Y,,0.3576,1.112,85.63,1.17
Y,Y,,0.7256,1.299,129.58,1.48
Y,Y,,0.9546,2.206,188.57,3.28
Y,Y,,0.8761,1.955,166.85,2.73
Y,Y,0.852,0.6517,2.913,202.74,4.97
Y,Y,,0.7318,3.198,139.19,5.72
Y,Y,,0.6223,2.62,30.43,4.24
Y,Y,,0.5206,2.16,28.21,3.17
Y,Y,,0.5241,0.904,48.91,0.859
Y,Y,,0.4430,1.656,251.12,2.13
Y,Y,,0.4390,1.631,149.01,2.08
Y,Y,,0.5149,1.807,26.89,2.43
Y,Y,,0.5893,2.551,345.35,4.07
Y,Y,,0.4770,1.724,243.62,2.26
Y,Y,,0.6462,2.464,122.23,3.87
Y,Y,,0.7084,0.9096,313.36,0.868
Y,Y,,0.4512,1.899,163.12,2.62
Y,Y,,0.6867,1.124,305.08,1.19
Y,Y,,0.3361,1.231,257.17,1.37
Y,Y,,0.1338,1.193,189.89,1.3
Y,Y,,0.6704,2.422,53.01,3.77
Y,Y,,0.5568,2.199,25.02,3.26
Y,Y,,0.4145,1.146,104.11,1.23
Y,Y,,0.8948,2.473,323.36,3.89
Y,Y,,0.9258,1.467,324.07,1.78
Y,Y,,0.7291,2.814,348.25,4.72
Y,Y,,0.2989,1.165,267.37,1.26
Y,Y,,0.7168,2.611,288.89,4.22
Y,Y,,0.0926,1.06,305.90,1.09
Y,Y,,0.5999,1.636,85.36,2.09
Y,Y,,0.4857,1.977,146.07,2.78
Y,Y,,0.5775,1.937,259.30,2.7
Y,Y,,0.7768,2.526,74.06,4.01
Y,Y,,0.6371,1.981,100.06,2.79
Y,Y,,0.6365,2.145,56.78,3.14
Y,Y,,0.2111,1.155,122.83,1.24
Y,Y,,0.6562,2.663,35.88,4.35
Y,Y,,0.4796,1.801,41.52,2.42
Y,Y,,0.3728,1.15,262.19,1.23
Y,Y,,0.5766,0.6938,149.28,0.578
Y,Y,,0.6159,2.605,169.27,4.2
Y,Y,,0.7100,2.179,87.26,3.22
Y,Y,,0.5472,2.147,220.50,3.15
Y,Y,,0.5163,2.014,212.88,2.86
Y,Y,,0.4590,1.642,311.85,2.1
Y,Y,,0.7279,2.46,256.84,3.86
Y,Y,,0.5320,2.173,173.11,3.2
Y,Y,,0.2104,1.197,231.59,1.31
Y,Y,,0.6734,2.824,124.12,4.75
Y,Y,,0.7800,1.1,237.54,1.15
Y,Y,,0.4887,1.638,74.39,2.1
Y,Y,,0.3815,1.337,66.57,1.55
Y,Y,1.252,0.5894,2.559,14.33,4.09
Y,Y,,0.5955,2.425,160.09,3.78
Y,Y,,0.7209,2.264,257.53,3.41
Y,Y,,0.4899,1.822,127.41,2.46
Y,Y,,0.7120,2.141,225.05,3.13
Y,Y,,0.6274,2.575,6.30,4.13
Y,Y,,0.3837,1.697,179.91,2.21
Y,Y,,0.5927,1.768,144.24,2.35
Y,Y,,0.7586,2.821,47.79,4.74
Y,Y,,0.4690,1.935,227.95,2.69
Y,Y,,0.3745,1.026,116.19,1.04
Y,Y,,0.4408,1.733,224.92,2.28
Y,Y,,0.4536,1.077,247.23,1.12
Y,Y,,0.5532,1.663,252.90,2.15
Y,Y,,0.3688,1.426,282.43,1.7
Y,Y,,0.8878,2.441,56.57,3.81
Y,Y,,0.4647,1.468,3.40,1.78
Y,Y,,0.6447,2.68,54.95,4.39
Y,Y,,0.5804,2.228,224.75,3.33
Y,Y,,0.2119,1.16,227.74,1.25
Y,Y,,0.5435,1.968,49.08,2.76
Y,Y,0.629,0.8578,2.232,239.45,3.33
Y,Y,,0.7054,2.303,339.31,3.5
Y,Y,,0.5656,2.343,19.30,3.59
Y,Y,,0.5357,1.966,243.80,2.76
Y,Y,,0.6515,2.464,58.78,3.87
Y,Y,,0.3612,0.7131,190.61,0.602
Y,Y,,0.5810,2.38,29.29,3.67
Y,Y,,0.4903,2.009,173.34,2.85
Y,Y,,0.4982,2.005,189.89,2.84
Y,Y,,0.6979,1.328,78.05,1.53
Y,Y,,0.7377,2.566,124.49,4.11
Y,Y,,0.4900,1.824,312.74,2.46
Y,Y,,0.6724,2.439,351.45,3.81
Y,Y,,0.6811,1.525,317.77,1.88
Y,Y,,0.3049,1.465,355.85,1.77
Y,Y,,0.2285,1.105,253.45,1.16
Y,Y,,0.5820,1.894,125.72,2.61
Y,Y,,0.7698,2.754,262.34,4.57
Y,Y,,0.6641,2.318,251.73,3.53
Y,Y,,0.5196,1.702,4.98,2.22
Y,Y,,0.6666,1.55,258.58,1.93
Y,Y,,0.5357,1.695,283.73,2.21
Y,Y,,0.6339,2.398,215.23,3.71
Y,Y,,0.7839,2.294,148.76,3.48
Y,Y,,0.3097,1.266,28.93,1.42
Y,Y,,0.6739,1.929,281.04,2.68
Y,Y,,0.2306,1.247,128.62,1.39
Y,Y,,0.5566,1.789,68.41,2.39
Y,Y,,0.5843,2.011,273.44,2.85
Y,Y,,0.6172,2.372,340.21,3.65
Y,Y,,0.1534,1.174,133.13,1.27
Y,Y,,0.3716,1.564,186.49,1.96
Y,Y,,0.2739,1.211,154.85,1.33
Y,Y,,0.6400,1.719,167.55,2.25
Y,Y,,0.5099,1.894,44.63,2.61
Y,Y,,0.5944,1.187,69.11,1.29
Y,Y,,0.6547,2.201,230.55,3.27
Y,Y,,0.5066,1.563,104.74,1.95
Y,Y,,0.6079,2.564,198.13,4.11
Y,Y,,0.4081,1.6,209.58,2.02
Y,Y,,0.6548,2.265,251.16,3.41
Y,Y,,0.8019,2.258,278.86,3.39
Y,Y,,0.4838,1.733,191.23,2.28
Y,Y,,0.5111,0.9585,227.81,0.938
Y,Y,,0.6954,1.67,263.09,2.16
Y,Y,,0.7428,2.048,97.24,2.93
Y,Y,,0.7762,1.885,299.41,2.59
Y,Y,,0.6445,2.749,221.56,4.56
Y,Y,,0.7368,1.95,279.39,2.72
Y,Y,,0.2495,1.184,55.24,1.29
Y,Y,,0.6188,1.511,332.76,1.86
Y,Y,,0.5941,2.284,227.80,3.45
Y,Y,,0.7208,2.819,124.53,4.73
Y,Y,,0.6515,2.673,323.84,4.37
Y,Y,,0.3613,1.45,330.09,1.75
Y,Y,,0.7574,2.37,104.15,3.65
Y,Y,,0.6016,2.145,327.27,3.14
Y,Y,,0.5944,2.426,23.87,3.78
Y,Y,,0.1851,1.202,134.17,1.32
Y,Y,,0.6908,1.279,211.11,1.45
Y,Y,,0.5145,1.731,87.19,2.28
Y,Y,,0.3670,1.413,42.20,1.68
Y,Y,0.653,0.5656,2.264,325.87,3.41
Y,Y,0.185,0.4671,1.63,122.10,2.08
Y,Y,,0.7157,2.555,75.07,4.08
Y,Y,,0.5734,1.994,309.02,2.82
Y,Y,,0.4803,1.737,284.38,2.29
Y,Y,,0.6208,2.69,173.12,4.41
Y,Y,,0.9428,2.496,34.65,3.94
Y,Y,0.402,0.6829,2.399,83.81,3.72
Y,Y,,0.4298,1.786,330.28,2.39
Y,Y,,0.4768,1.886,26.70,2.59
Y,Y,0.110,0.7605,2.216,100.04,3.3
Y,Y,,0.6370,2.332,111.86,3.56
Y,Y,0.574,0.8185,2.655,289.50,4.33
Y,Y,0.398,0.7546,2.211,285.01,3.29
Y,Y,,0.6720,2.156,250.31,3.17
Y,Y,,0.5587,1.801,112.73,2.42
Y,Y,,0.7505,2.627,96.94,4.26
Y,Y,,0.4981,1.609,296.31,2.04
Y,Y,0.379,0.2068,1.148,50.46,1.23
Y,Y,0.461,0.6405,2.829,160.25,4.76
Y,Y,,0.2711,0.7522,347.46,0.652
Y,Y,,0.5207,1.891,232.13,2.6
Y,Y,,0.8487,1.959,229.78,2.74
Y,Y,0.325,0.2593,0.8507,144.57,0.785
Y,Y,,0.4889,1.7,45.32,2.22
Y,Y,,0.5493,2.171,128.13,3.2
Y,Y,,0.8941,2.074,206.55,2.99
Y,Y,0.321,0.6919,2.457,106.33,3.85
Y,Y,0.273,0.1678,1.243,143.79,1.39
Y,Y,,0.6870,2.77,11.11,4.61
Y,Y,,0.8208,2.322,235.97,3.54
Y,Y,,0.5380,2.292,4.66,3.47
Y,Y,,0.4064,1.529,231.50,1.89
Y,Y,,0.7011,2.484,298.43,3.91
Y,Y,,0.3513,1.489,29.49,1.82
Y,Y,0.644,0.6417,2.631,37.22,4.27
Y,Y,,0.5760,2.333,127.18,3.56
Y,Y,,0.5223,2.165,183.17,3.18
Y,Y,,0.6127,2.446,234.68,3.82
Y,Y,,0.6420,1.843,102.58,2.5
Y,Y,,0.8251,2.493,290.69,3.94
Y,Y,,0.3699,1.37,207.86,1.6
Y,Y,,0.3736,1.253,115.37,1.4
Y,Y,0.502,0.8344,2.21,276.34,3.29
Y,Y,0.330,0.6282,2.845,8.50,4.8
Y,Y,,0.3855,1.363,305.34,1.59
Y,Y,,0.5524,2.216,320.54,3.3
Y,Y,,0.8548,2.207,283.23,3.28
Y,Y,,0.6445,2.579,18.26,4.14
Y,Y,,0.2922,1.168,242.18,1.26
Y,Y,0.206,0.5455,1.963,222.90,2.75
Y,Y,0.412,0.7001,2.408,296.52,3.74
Y,Y,,0.3730,1.261,64.64,1.42
Y,Y,,0.7967,1.265,231.20,1.42
Y,Y,,0.5186,2.122,341.60,3.09
Y,Y,0.172,0.5238,2.13,141.93,3.11
Y,Y,,0.4199,1.16,81.26,1.25
Y,Y,,0.8861,2.253,248.30,3.38
Y,Y,,0.7031,2.258,106.34,3.39
Y,Y,,0.6243,2.544,10.07,4.06
Y,Y,,0.2616,1.413,180.56,1.68
Y,Y,0.554,0.7065,2.841,256.49,4.79
Y,Y,,0.3239,1.437,182.49,1.72
Y,Y,0.198,0.6358,2.261,68.91,3.4
Y,Y,,0.7509,2.263,308.75,3.4
Y,Y,0.297,0.6400,2.212,245.23,3.29
Y,Y,,0.0631,0.9657,185.76,0.949
Y,Y,,0.5003,1.231,67.43,1.37
Y,Y,,0.6622,2.427,311.85,3.78
Y,Y,0.486,0.7122,2.155,105.22,3.16
Y,Y,,0.7250,2.136,161.36,3.12
Y,Y,,0.5331,1.654,250.80,2.13
Y,Y,,0.5940,2.13,134.64,3.11
Y,Y,0.355,0.7641,2.749,291.08,4.56
Y,Y,,0.4093,0.7497,309.06,0.649
Y,Y,0.129,0.3854,1.553,322.00,1.94
Y,Y,,0.4254,1.407,57.31,1.67
Y,Y,,0.2405,0.907,70.62,0.864
Y,Y,0.374,0.1094,1.127,13.03,1.2
Y,Y,,0.6536,2.728,187.45,4.5
Y,Y,,0.5544,2.032,271.56,2.9
Y,Y,,0.8440,2.367,143.33,3.64
Y,Y,,0.3236,1.415,228.16,1.68
Y,Y,,0.4467,1.75,59.50,2.31
Y,Y,,0.1712,1.25,196.60,1.4
Y,Y,,0.8517,3.597,279.88,6.82
Y,Y,,0.6366,2.814,195.56,4.72
Y,Y,0.184,0.6098,2.003,227.57,2.83
Y,Y,0.437,0.2882,1.338,132.56,1.55
Y,Y,,0.7635,2.801,77.59,4.69
Y,Y,,0.2545,1.155,242.41,1.24
Y,Y,,0.6992,2.449,262.16,3.83
Y,Y,,0.2244,1.317,152.34,1.51
Y,Y,0.435,0.9219,1.926,315.41,2.67
Y,Y,,0.8660,1.776,86.05,2.37
Y,Y,0.535,0.7484,2.741,80.78,4.54
Y,Y,,0.4715,0.6666,42.69,0.544
Y,Y,,0.3664,1.511,125.87,1.86
Y,Y,,0.7346,1.456,261.39,1.76
Y,Y,,0.7891,2.578,103.58,4.14
Y,Y,0.232,0.6513,2.686,224.78,4.4
Y,Y,,0.5218,1.882,35.48,2.58
Y,Y,,0.2544,1.187,54.20,1.29
Y,Y,,0.5446,1.652,247.66,2.12
Y,Y,,0.5491,2.255,189.53,3.39
Y,Y,,0.4891,1.783,148.54,2.38
Y,Y,,0.4745,1.807,135.79,2.43
Y,Y,0.143,0.2001,1.068,108.69,1.1
Y,Y,,0.5982,1.822,282.40,2.46
Y,Y,,0.1693,1.214,198.06,1.34
Y,Y,,0.8045,3.88,124.00,7.64
Y,Y,,0.2803,1.405,254.94,1.67
Y,Y,,0.6722,2.45,74.06,3.84
Y,Y,,0.2226,1.218,128.12,1.34
Y,Y,,0.5045,2.115,16.85,3.08
Y,Y,,0.4347,1.72,40.38,2.26
Y,Y,,0.7503,0.7853,229.82,0.696
Y,Y,0.582,0.5325,1.792,51.32,2.4
Y,Y,1.288,0.6154,2.652,5.48,4.32
Y,Y,0.306,0.6179,2.683,202.91,4.39
Y,Y,,0.1967,1.202,314.83,1.32
Y,Y,,0.5667,1.467,201.73,1.78
Y,Y,,0.2122,0.8164,156.89,0.738
Y,Y,,0.6482,1.139,279.95,1.22
Y,Y,,0.6706,1.688,251.46,2.19
Y,Y,,0.5586,2.254,192.46,3.38
Y,Y,,0.5902,1.83,260.57,2.47
Y,Y,0.258,0.7806,2.016,239.72,2.86
Y,Y,,0.9029,2.15,321.69,3.15
Y,Y,,0.6447,2.587,296.44,4.16
Y,Y,,0.6329,1.308,244.33,1.5
Y,Y,,0.6893,2.596,107.26,4.18
Y,Y,0.328,0.7858,2.291,274.42,3.47
Y,Y,,0.8604,2.18,319.18,3.22
Y,Y,,0.8504,2.265,308.45,3.41
Y,Y,,0.6421,2.601,157.70,4.19
Y,Y,,0.6178,2.475,36.35,3.89
Y,Y,0.343,0.4982,2.038,167.33,2.91
Y,Y,,0.4989,1.243,305.79,1.39
Y,Y,0.252,0.8743,2.262,127.80,3.4
Y,Y,,0.6539,2.423,57.57,3.77
Y,Y,,0.8598,2.102,121.80,3.05
Y,Y,,0.7173,2.97,129.02,5.12
Y,Y,,0.5657,2.316,212.03,3.52
Y,Y,,0.6890,2.094,55.33,3.03
Y,Y,,0.6900,2.372,82.49,3.65
Y,Y,,0.5378,1.573,90.93,1.97
Y,Y,,0.4994,1.219,119.30,1.35
Y,Y,0.076,0.6071,2.41,161.97,3.74
Y,Y,0.332,0.6310,1.616,95.89,2.05
Y,Y,,0.4227,1.762,176.90,2.34
Y,Y,0.213,0.3690,1.555,216.83,1.94
Y,Y,0.139,0.5669,2.246,273.52,3.37
Y,Y,,0.6295,1.599,273.35,2.02
Y,Y,0.480,0.6917,2.032,90.02,2.9
Y,Y,,0.6345,2.827,178.88,4.75
Y,Y,,0.3946,1.586,16.88,2
Y,Y,,0.5809,2.248,318.53,3.37
Y,Y,,0.4859,1.974,3.26,2.77
Y,Y,,0.5643,1.864,300.10,2.55
Y,Y,0.422,0.4328,1.78,24.07,2.37
Y,Y,0.215,0.3551,1.321,318.58,1.52
Y,Y,0.271,0.5091,1.879,342.53,2.58
Y,Y,,0.7289,1.629,59.22,2.08
Y,Y,,0.2914,0.8746,44.18,0.818
Y,Y,,0.7661,1.433,242.44,1.71
Y,Y,,0.6075,2.347,17.45,3.6
Y,Y,0.196,0.1823,0.8702,337.17,0.812
Y,Y,0.285,0.7541,2.891,228.28,4.92
Y,Y,,0.7142,2.355,261.91,3.61
Y,Y,1.214,0.6655,2.862,32.40,4.84
Y,Y,,0.3111,1.467,203.37,1.78
Y,Y,0.208,0.4525,1.703,160.59,2.22
Y,Y,,0.5550,1.972,39.48,2.77
Y,Y,,0.5812,2.47,2.41,3.88
Y,Y,0.123,0.6222,0.7297,23.53,0.623
Y,Y,,0.6539,2.407,316.32,3.73
Y,Y,,0.3562,1.472,323.11,1.79
Y,Y,,0.6710,2.479,235.33,3.9
Y,Y,,0.3434,1.603,356.71,2.03
Y,Y,,0.5131,1.419,90.33,1.69
Y,Y,,0.0916,1.108,57.91,1.17
Y,Y,,0.5748,1.647,100.36,2.11
Y,Y,0.228,0.4712,0.7143,33.18,0.604
Y,Y,,0.6570,1.871,292.16,2.56
Y,Y,,0.4547,1.391,95.19,1.64
Y,Y,,0.8559,2.029,70.32,2.89
Y,Y,,0.4822,1.848,23.60,2.51
Y,Y,,0.6185,2.65,1.17,4.31
Y,Y,0.205,0.6885,2.627,238.42,4.26
Y,Y,,0.3947,1.5,206.80,1.84
Y,Y,,0.6086,1.406,102.32,1.67
Y,Y,,0.4724,1.494,301.96,1.83
Y,Y,,0.5681,1.972,59.26,2.77
Y,Y,,0.8788,2.496,250.75,3.94
Y,Y,,0.7692,1.489,314.53,1.82
Y,Y,0.371,0.5560,2.148,199.86,3.15
Y,Y,,0.6734,2.722,352.39,4.49
Y,Y,0.192,0.2829,0.8067,174.19,0.725
Y,Y,,0.7581,1.31,230.09,1.5
Y,Y,0.174,0.5337,1.828,223.89,2.47
Y,Y,,0.6506,2.329,88.52,3.56
Y,Y,0.328,0.2801,0.9015,317.03,0.856
Y,Y,,0.5195,1.302,269.30,1.49
Y,Y,,0.5618,2.249,25.34,3.37
Y,Y,0.237,0.8587,1.732,317.66,2.28
Y,Y,0.864,0.6911,3.222,4.02,5.78
Y,Y,,0.2367,1.266,145.16,1.42
Y,Y,,0.6025,1.837,108.49,2.49
Y,Y,,0.5744,2.458,182.39,3.85
Y,Y,,0.8703,1.246,146.27,1.39
Y,Y,,0.4176,1.515,170.10,1.86
Y,Y,,0.0950,1.037,39.33,1.06
Y,Y,,0.6016,2.173,139.37,3.2
Y,Y,,0.5629,1.13,79.20,1.2
Y,Y,1.349,0.6768,2.841,312.41,4.79
Y,Y,0.196,0.6173,2.462,56.57,3.86
Y,Y,,0.4283,1.657,225.47,2.13
Y,Y,,0.5216,1.844,219.02,2.5
Y,Y,,0.5362,1.663,53.85,2.14
Y,Y,,0.7865,2.268,118.31,3.42
Y,Y,,0.6672,2.649,310.10,4.31
Y,Y,,0.2749,1.31,20.54,1.5
Y,Y,,0.1114,0.9603,145.14,0.941
Y,Y,,0.7009,2.751,35.12,4.56
Y,Y,,0.6212,2.705,31.99,4.45
Y,Y,0.188,0.5827,2.408,349.04,3.74
Y,Y,,0.6735,1.622,284.61,2.07
Y,Y,0.281,0.5418,0.8996,129.23,0.853
Y,Y,,0.6452,2.823,24.87,4.74
Y,Y,0.143,0.7929,2.498,114.56,3.95
Y,Y,,0.3007,1.334,244.54,1.54
Y,Y,,0.6322,2.688,18.61,4.41
Y,Y,,0.6861,2.289,241.63,3.46
Y,Y,,0.4062,1.672,320.60,2.16
Y,Y,,0.5425,1.954,214.30,2.73
Y,Y,1.082,0.6650,2.849,342.92,4.81
Y,Y,,0.6420,2.343,219.74,3.59
Y,Y,,0.6899,2.834,218.54,4.77
Y,Y,,0.4888,1.872,140.62,2.56
Y,Y,,0.7684,1.42,224.87,1.69
Y,Y,,0.7513,2.051,276.67,2.94
Y,Y,,0.3868,1.673,305.41,2.16
Y,Y,,0.7545,2.675,285.57,4.38
Y,Y,,0.6694,2.052,279.78,2.94
Y,Y,,0.3402,1.224,247.44,1.35
Y,Y,,0.6450,2.461,319.46,3.86
Y,Y,,0.3946,1.645,188.67,2.11
Y,Y,,0.4489,1.071,81.04,1.11
Y,Y,,0.6254,1.998,121.15,2.82
Y,Y,,0.5298,1.906,304.21,2.63
Y,Y,,0.6400,1.845,107.66,2.51
Y,Y,,0.2689,1.42,176.60,1.69
Y,Y,,0.5567,1.96,224.29,2.74
Y,Y,,0.3688,1.495,329.37,1.83
Y,Y,,0.4826,1.865,359.47,2.55
Y,Y,,0.1127,1.08,15.01,1.12
Y,Y,,0.6073,2.011,128.28,2.85
Y,Y,,0.6922,1.614,254.51,2.05
Y,Y,,0.7229,1.564,71.00,1.96
Y,Y,,0.5308,1.947,43.58,2.72
Y,Y,,0.3058,0.9366,267.55,0.906
Y,Y,,0.6962,2.12,203.48,3.09
Y,Y,,0.5539,2.148,184.81,3.15
Y,Y,,0.4682,1.263,81.80,1.42
Y,Y,,0.6066,1.357,273.92,1.58
Y,Y,,0.4225,1.57,229.19,1.97
Y,Y,,0.6163,2.593,359.23,4.18
Y,Y,,0.5778,2.323,153.55,3.54
Y,Y,,0.7494,2.997,303.87,5.19
Y,Y,,0.8268,1.196,302.28,1.31
Y,Y,,0.5715,1.333,258.38,1.54
Y,Y,,0.4323,1.804,171.85,2.42
Y,Y,,0.7056,2.602,59.10,4.2
Y,Y,,0.4984,1.898,145.79,2.61
Y,Y,,0.6233,2.428,201.56,3.78
Y,Y,,0.5209,2.012,204.61,2.85
Y,Y,,0.3583,1.335,237.59,1.54
Y,Y,,0.5522,1.845,60.51,2.51
Y,Y,,0.3858,1.32,83.13,1.52
Y,Y,,0.5998,1.703,84.99,2.22
Y,Y,,0.6544,2.655,150.94,4.33
Y,Y,,0.5630,2.281,163.86,3.44
Y,Y,,0.5634,2.286,202.81,3.46
Y,Y,,0.4163,1.455,236.21,1.75
Y,Y,,0.3624,1.222,266.72,1.35
Y,Y,,0.6559,2.64,233.17,4.29
Y,Y,,0.7839,1.162,47.46,1.25
Y,Y,,0.6185,2.366,51.37,3.64
Y,Y,,0.4629,1.075,61.96,1.11
Y,Y,,0.3492,0.9065,130.37,0.863
Y,Y,,0.7969,1.537,230.29,1.9
Y,Y,,0.7418,1.61,111.31,2.04
Y,Y,,0.6464,2.637,173.11,4.28
Y,Y,,0.6010,2.634,357.65,4.27
Y,Y,,0.5764,2.322,218.26,3.54
Y,Y,,0.6393,2.445,313.55,3.82
Y,Y,,0.8993,2.514,47.23,3.99
Y,Y,,0.5504,2.328,167.61,3.55
Y,Y,,0.7315,2.418,282.52,3.76
Y,Y,,0.6151,2.44,157.38,3.81
Y,Y,,0.2546,0.9562,228.21,0.935
Y,Y,,0.3296,1.394,71.83,1.65
Y,Y,,0.1215,0.9665,262.43,0.95
Y,Y,,0.2572,0.9761,119.28,0.964
Y,Y,,0.5679,2.358,349.47,3.62
Y,Y,,0.7387,2.232,99.78,3.33
Y,Y,,0.5696,1.809,147.90,2.43
Y,Y,,0.6180,2.47,98.24,3.88
Y,Y,,0.6623,2.857,166.19,4.83
Y,Y,,0.5965,2.398,141.59,3.71
Y,Y,,0.6095,2.464,27.33,3.87
Y,Y,,0.6451,0.888,208.73,0.837
Y,Y,,0.4803,1.838,71.85,2.49
Y,Y,,0.6029,2.482,213.84,3.91
Y,Y,,0.4149,0.8133,222.74,0.733
Y,Y,,0.2962,0.7992,356.58,0.714
Y,Y,,0.5799,2.44,347.74,3.81
Y,Y,,0.6145,1.224,241.40,1.35
Y,Y,,0.6263,2.427,123.16,3.78
Y,Y,,0.4283,1.378,97.82,1.62
Y,Y,,0.4908,2.063,354.91,2.96
Y,Y,,0.2331,1.277,315.31,1.44
Y,Y,,0.6616,2.738,227.37,4.53
Y,Y,,0.4370,1.147,271.05,1.23
Y,Y,,0.5685,2.243,355.52,3.36
Y,Y,,0.6352,1.64,229.07,2.1
Y,Y,,0.4959,1.781,127.19,2.38
Y,Y,,0.6686,2.282,262.94,3.45
Y,Y,,0.3564,1.466,311.20,1.77
Y,Y,,0.2413,1.212,52.16,1.34
Y,Y,,0.6134,2.182,115.46,3.22
Y,Y,,0.4838,1.856,245.01,2.53
Y,Y,,0.8172,2.503,71.23,3.96
Y,Y,,0.6779,3.023,222.12,5.26
Y,Y,,0.5403,1.808,244.38,2.43
Y,Y,,0.6023,1.705,72.45,2.23
Y,Y,,0.5256,1.946,198.21,2.72
Y,Y,,0.2693,1.369,180.82,1.6
Y,Y,,0.5556,2.166,337.13,3.19
Y,Y,,0.4805,1.889,19.05,2.6
Y,Y,,0.5781,1.124,103.19,1.19
Y,Y,,0.5625,2.173,34.22,3.2
Y,Y,,0.6769,1.288,298.21,1.46
Y,Y,,0.5756,2.129,148.18,3.11
Y,Y,,0.5086,1.753,243.11,2.32
Y,Y,,0.5366,1.273,79.04,1.44
Y,Y,,0.4144,1.723,11.41,2.26
Y,Y,,0.6008,2.374,318.64,3.66
Y,Y,,0.2016,0.8094,327.62,0.728
Y,Y,,0.6635,1.994,82.14,2.82
Y,Y,,0.5238,1.808,307.89,2.43
Y,Y,,0.6224,2.47,140.62,3.88
Y,Y,,0.7085,2.821,110.81,4.74
Y,Y,,0.3827,0.8656,303.27,0.805
Y,Y,,0.3991,1.691,21.51,2.2
Y,Y,,0.5445,2.205,192.25,3.27
Y,Y,,0.7376,2.379,286.20,3.67
Y,Y,,0.1162,0.9173,51.05,0.879
Y,Y,,0.4445,1.678,23.13,2.17
Y,Y,,0.3815,1.641,330.25,2.1
Y,Y,,0.5987,2.173,150.65,3.2
Y,Y,,0.5106,1.117,250.80,1.18
Y,Y,,0.5747,2.42,351.30,3.76
Y,Y,,0.8275,2.25,72.13,3.38
Y,Y,,0.4923,1.477,67.84,1.79
Y,Y,,0.6725,2.178,117.99,3.21
Y,Y,,0.0122,1.017,126.79,1.03
Y,Y,,0.6523,2.814,35.10,4.72
Y,Y,,0.4812,2.029,188.80,2.89
Y,Y,,0.6289,2.647,351.14,4.31
Y,Y,,0.4861,1.881,69.56,2.58
Y,Y,,0.3867,1.479,88.86,1.8
Y,Y,,0.8567,2.486,287.73,3.92
Y,Y,,0.4347,1.661,41.32,2.14
Y,Y,,0.5521,1.669,255.80,2.16
Y,Y,,0.5518,1.804,250.63,2.42
Y,Y,,0.7104,2.237,278.50,3.35
Y,Y,,0.5787,1.81,294.95,2.44
Y,Y,,0.4679,1.671,233.19,2.16
Y,Y,,0.2972,1.421,197.86,1.69
Y,Y,,0.8822,1.823,313.24,2.46
Y,Y,,0.2782,0.9541,305.10,0.932
Y,Y,,0.3737,1.666,171.77,2.15
Y,Y,,0.5600,2.221,138.76,3.31
Y,Y,,0.3166,1.068,279.93,1.1
Y,Y,,0.6457,2.782,23.09,4.64
Y,Y,,0.6002,2.632,7.71,4.27
Y,Y,,0.6274,2.776,181.65,4.62
Y,Y,,0.2997,1.355,171.12,1.58
Y,Y,,0.3539,1.551,0.30,1.93
Y,Y,,0.2424,1.251,344.73,1.4
Y,Y,,0.7168,2.075,205.48,2.99
Y,Y,,0.7742,3.388,120.94,6.24
Y,Y,,0.1543,0.9051,351.74,0.861
Y,Y,,0.3273,0.9124,132.31,0.871
Y,Y,,0.6012,2.057,75.48,2.95
Y,Y,,0.7719,1.261,315.61,1.42
Y,Y,,0.5489,1.653,32.31,2.13
Y,Y,,0.6909,3.178,225.09,5.67
Y,Y,,0.6123,2.165,45.28,3.19
Y,Y,,0.6614,1.944,120.01,2.71
Y,Y,,0.7431,3.193,301.55,5.7
Y,Y,,0.6127,2.276,64.96,3.43
Y,Y,,0.5567,2.282,325.48,3.45
Y,Y,,0.7315,1.952,244.53,2.73
Y,Y,,0.6687,2.415,314.37,3.75
Y,Y,,0.6446,2.675,296.41,4.37
Y,Y,,0.2969,1.353,338.31,1.57
Y,Y,,0.7012,2.601,124.87,4.2
Y,Y,,0.3963,1.534,218.64,1.9
Y,Y,,0.8421,2.288,249.23,3.46
Y,Y,,0.7174,2.134,76.64,3.12
Y,Y,,0.6241,2.528,348.29,4.02
Y,Y,,0.4916,1.614,220.07,2.05
Y,Y,,0.4102,1.576,134.68,1.98
Y,Y,,0.6507,1.508,283.70,1.85
Y,Y,,0.6462,2.252,244.85,3.38
Y,Y,,0.5221,1.943,309.58,2.71
Y,Y,,0.6606,2.728,159.48,4.51
Y,Y,,0.6237,2.433,320.63,3.8
Y,Y,,0.2639,1.119,245.74,1.18
Y,Y,,0.4040,1.161,293.40,1.25
Y,Y,,0.6470,2.459,54.40,3.86
Y,Y,,0.8833,2.458,255.25,3.85
Y,Y,,0.6176,2.251,56.93,3.38
Y,Y,,0.4112,0.7396,325.05,0.636
Y,Y,,0.8483,1.192,325.58,1.3
Y,Y,,0.6041,2.061,300.42,2.96
Y,Y,,0.7281,2.054,121.16,2.94
Y,Y,,0.6300,2.55,18.07,4.07
Y,Y,,0.2759,1.265,65.58,1.42
Y,Y,,0.4923,1.082,65.74,1.13
Y,Y,,0.7393,1.68,68.79,2.18
Y,Y,,0.7143,1.337,73.65,1.55
Y,Y,,0.3545,1.561,152.47,1.95
Y,Y,,0.5172,1.78,100.71,2.38
Y,Y,,0.7479,2.452,113.55,3.84
Y,Y,,0.6601,2.851,347.11,4.81
Y,Y,,0.6051,1.843,295.57,2.5
Y,Y,,0.6655,2.317,213.39,3.53
Y,Y,,0.5120,2.044,30.23,2.92
Y,Y,,0.6211,2.176,47.46,3.21
Y,Y,,0.6674,2.431,246.51,3.79
Y,Y,,0.7742,1.528,152.35,1.89
Y,Y,,0.6128,0.7623,150.21,0.666
Y,Y,,0.6287,0.8774,139.94,0.822
Y,Y,,0.2690,0.9739,75.37,0.961
Y,Y,,0.8007,2.614,237.28,4.23
Y,Y,,0.6218,2.368,69.93,3.64
Y,Y,,0.6357,1.864,81.78,2.54
Y,Y,,0.7752,2.004,288.79,2.84
Y,Y,,0.4520,1.89,192.09,2.6
Y,Y,,0.6012,1.689,238.71,2.19
Y,Y,,0.3593,1.126,103.37,1.2
Y,Y,,0.9258,2.232,223.25,3.34
Y,Y,,0.3076,1.462,68.70,1.77
Y,Y,,0.7057,1.604,269.30,2.03
Y,Y,,0.7373,2.278,260.59,3.44
Y,Y,,0.3188,1.536,5.35,1.9
Y,Y,,0.7200,2.63,231.56,4.26
Y,Y,,0.5687,1.98,141.33,2.79
Y,Y,,0.6364,1.821,284.89,2.46
Y,Y,,0.7288,1.73,124.20,2.28
Y,Y,,0.4415,1.749,199.64,2.31
Y,Y,,0.6560,1.517,269.20,1.87
Y,Y,,0.5750,1.148,114.76,1.23
Y,Y,,0.5023,1.635,253.02,2.09
Y,Y,,0.5485,1.712,285.40,2.24
Y,Y,,0.5983,1.897,52.75,2.61
Y,Y,,0.3800,0.9598,297.66,0.94
Y,Y,,0.6032,1.448,256.87,1.74
Y,Y,,0.4725,1.859,350.93,2.53
Y,Y,,0.5963,2.453,13.62,3.84
Y,Y,,0.2386,0.8218,216.12,0.745
Y,Y,,0.8287,2.218,215.03,3.3
Y,Y,,0.6291,2.156,119.11,3.17
Y,Y,,0.4700,1.747,156.84,2.31
Y,Y,,0.4604,1.804,18.41,2.42
Y,Y,,0.6565,2.815,10.88,4.72
Y,Y,,0.5081,2.048,202.30,2.93
Y,Y,,0.5848,2.282,312.53,3.45
Y,Y,,0.7761,1.628,110.83,2.08
Y,Y,,0.6107,2.242,126.10,3.36
Y,Y,,0.4748,1.217,273.02,1.34
Y,Y,,0.2695,1.296,126.31,1.48
Y,Y,,0.3840,0.8828,318.83,0.83
Y,Y,,0.6380,2.653,184.99,4.32
Y,Y,,0.6450,2.486,203.71,3.92
Y,Y,,0.5049,1.589,44.46,2
Y,Y,,0.3855,1.453,304.15,1.75
Y,Y,,0.8462,2.256,301.80,3.39
Y,Y,,0.3272,1.519,155.20,1.87
Y,Y,,0.7355,1.972,257.12,2.77
Y,Y,,0.8401,2.038,288.00,2.91
Y,Y,,0.4391,1.23,89.17,1.36
Y,Y,,0.4137,1.514,219.17,1.86
Y,Y,,0.5730,2.334,204.19,3.57
Y,Y,,0.5581,1.193,99.99,1.3
Y,Y,,0.5527,2.232,22.72,3.33
Y,Y,,0.6272,1.952,74.51,2.73
Y,Y,,0.5428,1.63,228.35,2.08
Y,Y,,0.7441,2.309,104.56,3.51
Y,Y,,0.5815,1.387,272.80,1.63
Y,Y,,0.6132,1.936,244.93,2.69
Y,Y,,0.3554,1.486,342.61,1.81
Y,Y,,0.5459,2.035,68.19,2.9
Y,Y,,0.6291,2.764,0.39,4.59
Y,Y,,0.7158,2.377,232.40,3.67
Y,Y,,0.2602,1.237,52.17,1.38
Y,Y,,0.5959,1.754,257.65,2.32
Y,Y,,0.8916,3.514,18.22,6.59
Y,Y,,0.5509,2.164,167.75,3.18
Y,Y,,0.4088,1.466,130.76,1.77
Y,Y,,0.5035,1.715,111.70,2.25
Y,Y,,0.6708,2.819,199.17,4.73
Y,Y,,0.7096,1.86,98.51,2.54
Y,Y,,0.7487,2.313,252.85,3.52
Y,Y,,0.3443,0.9278,69.01,0.894
Y,Y,,0.4752,1.284,83.42,1.46
Y,Y,,0.6525,2.693,28.04,4.42
Y,Y,,0.4142,1.718,177.76,2.25
Y,Y,,0.4500,0.7658,339.10,0.67
Y,Y,,0.3920,0.7245,9.72,0.617
Y,Y,,0.2807,0.8556,50.17,0.791
Y,Y,,0.6313,2.538,291.22,4.04
Y,Y,,0.7911,2.633,271.00,4.27
Y,Y,,0.6909,2.283,252.61,3.45
Y,Y,,0.8353,2.01,20.08,2.85
Y,Y,,0.6065,2.252,28.00,3.38
Y,Y,,0.4557,1.888,222.83,2.59
Y,Y,,0.5537,2.059,300.32,2.95
Y,Y,,0.8206,2.301,263.22,3.49
Y,Y,,0.6148,1.406,255.83,1.67
Y,Y,,0.4934,1.815,51.90,2.45
Y,Y,,0.6475,1.973,261.66,2.77
Y,Y,,0.6937,2.302,223.91,3.49
Y,Y,,0.5936,2.448,357.23,3.83
Y,Y,,0.8009,1.914,242.17,2.65
Y,Y,,0.8900,3.276,79.52,5.93
Y,Y,,0.4938,1.364,276.10,1.59
Y,Y,,0.7479,2.311,33.01,3.51
Y,Y,,0.4269,1.281,93.02,1.45
Y,Y,,0.5765,2.069,233.27,2.98
Y,Y,,0.6379,2.422,335.37,3.77
Y,Y,,0.0861,0.9389,167.07,0.91
Y,Y,,0.6381,2.253,238.67,3.38
Y,Y,,0.6722,2.464,241.85,3.87
Y,Y,,0.6406,2.452,211.40,3.84
Y,Y,,0.7168,3.052,152.01,5.33
Y,Y,,0.9046,1.833,314.75,2.48
Y,Y,,0.6337,0.9322,325.07,0.9
Y,Y,,0.8309,1.13,134.98,1.2
Y,Y,,0.6533,2.786,208.37,4.65
Y,Y,,0.6077,2.39,135.10,3.69
Y,Y,,0.4466,1.877,7.78,2.57
Y,Y,,0.7020,2.51,302.74,3.98
Y,Y,,0.6567,2.63,250.71,4.27
Y,Y,,0.5892,2.411,214.67,3.74
Y,Y,,0.6472,1.393,107.90,1.64
Y,Y,,0.2129,1.19,18.49,1.3
Y,Y,,0.5768,1.712,258.09,2.24
Y,Y,,0.2703,1.289,147.75,1.46
Y,Y,,0.3780,0.9426,60.81,0.915
Y,Y,,0.0882,1.027,216.83,1.04
Y,Y,,0.5434,2.182,177.45,3.22
Y,Y,,0.7908,2.129,233.34,3.11
Y,Y,,0.7153,2.325,93.16,3.55
Y,Y,,0.4785,1.782,311.28,2.38
Y,Y,,0.7848,2.147,76.88,3.15
Y,Y,,0.8068,2.53,65.68,4.02
Y,Y,,0.7310,2.399,40.85,3.72
Y,Y,,0.5384,1.923,246.78,2.67
Y,Y,,0.8602,3.49,266.31,6.52
Y,Y,,0.6484,2.158,87.51,3.17
Y,Y,,0.5987,2.17,249.55,3.2
Y,Y,,0.6518,2.724,145.39,4.5
Y,Y,,0.5945,2.494,339.92,3.94
Y,Y,,0.6948,3.264,346.88,5.9
Y,Y,,0.3532,1.553,28.88,1.94
Y,Y,,0.4100,1.762,337.65,2.34
Y,Y,,0.4398,1.518,128.57,1.87
Y,Y,,0.6370,2.518,331.92,4
Y,Y,,0.5775,2.452,180.46,3.84
Y,Y,,0.8499,2.538,263.05,4.04
Y,Y,,0.6575,2.831,19.33,4.76
Y,Y,,0.3028,1.089,271.36,1.14
Y,Y,,0.6983,1.788,297.11,2.39
Y,Y,,0.7329,2.408,101.44,3.74
Y,Y,,0.3628,1.589,345.11,2
Y,Y,,0.3057,1.13,34.59,1.2
Y,Y,,0.5456,2.268,356.59,3.42
Y,Y,,0.4908,1.779,161.63,2.37
Y,Y,,0.7974,1.707,79.37,2.23
Y,Y,,0.6113,2.49,330.27,3.93
Y,Y,,0.2931,0.889,44.67,0.838
Y,Y,,0.6015,2.515,348.95,3.99
Y,Y,,0.4767,1.768,213.17,2.35
Y,Y,,0.3061,1.343,224.28,1.56
Y,Y,,0.6144,2.472,29.13,3.89
Y,Y,,0.4948,2.02,167.57,2.87
Y,Y,,0.6134,2.376,334.18,3.66
Y,Y,,0.7042,2.834,316.39,4.77
Y,Y,,0.1017,1.059,84.50,1.09
Y,Y,,0.4984,2.003,125.53,2.83
Y,Y,,0.6522,1.932,275.93,2.68
Y,Y,,0.7946,1.956,50.09,2.73
Y,Y,,0.5727,2.414,21.53,3.75
Y,Y,,0.5477,2.216,6.66,3.3
Y,Y,,0.6024,1.982,71.20,2.79
Y,Y,,0.7390,2.209,78.73,3.28
Y,Y,,0.5854,1.88,301.63,2.58
Y,Y,,0.1624,1.16,172.42,1.25
Y,Y,,0.6568,2.435,125.96,3.8
Y,Y,,0.7030,3.074,39.65,5.39
Y,Y,,0.5170,2.015,168.96,2.86
Y,Y,,0.7203,2.598,66.90,4.19
Y,Y,,0.6154,2.639,305.61,4.29
Y,Y,,0.7012,2.391,81.22,3.7
Y,Y,,0.7327,1.382,261.81,1.62
Y,Y,,0.6970,2.633,134.29,4.27
Y,Y,,0.7396,1.531,96.56,1.89
Y,Y,,0.5403,1.757,225.10,2.33
Y,Y,,0.5572,2.228,202.55,3.33
Y,Y,,0.6861,1.803,101.29,2.42
Y,Y,,0.7582,2.169,87.23,3.19
Y,Y,,0.2869,1.332,221.52,1.54
Y,Y,,0.5119,2.145,188.64,3.14
Y,Y,,0.6668,2.7,126.16,4.44
Y,Y,,0.7341,2.618,112.66,4.24
Y,Y,,0.7084,2.814,69.19,4.72
Y,Y,,0.6061,1.686,278.61,2.19
Y,Y,,0.3515,1.523,323.97,1.88
Y,Y,,0.7441,1.925,104.04,2.67
Y,Y,,0.6649,2.588,122.36,4.16
Y,Y,,0.3763,1.506,49.73,1.85
Y,Y,,0.1936,1.189,215.04,1.3
Y,Y,,0.3166,1.057,110.57,1.09
Y,Y,,0.6755,1.122,132.15,1.19
Y,Y,,0.6837,3.287,168.82,5.96
Y,Y,,0.5766,1.595,76.60,2.02
Y,Y,,0.9358,2.463,42.52,3.87
Y,Y,,0.1036,1.119,235.67,1.18
Y,Y,,0.5245,2.118,154.29,3.08
Y,Y,,0.3549,1.519,20.65,1.87
Y,Y,,0.3662,0.9611,81.17,0.942
Y,Y,,0.6472,2.803,183.57,4.69
Y,Y,,0.7140,1.727,159.69,2.27
Y,Y,,0.1956,0.8924,20.79,0.843
Y,Y,,0.8827,2.589,236.70,4.17
Y,Y,,0.2880,0.8077,198.99,0.726
Y,Y,,0.6213,0.631,358.10,0.501
Y,Y,,0.2548,1.276,132.84,1.44
Y,Y,,0.5747,2,310.93,2.83
Y,Y,,0.5955,2.455,172.12,3.85
Y,Y,,0.8688,2.293,295.20,3.47
Y,Y,,0.6033,2.423,23.85,3.77
Y,Y,,0.4086,1.558,15.11,1.95
Y,Y,,0.6006,0.8726,214.69,0.815
Y,Y,,0.6494,2.716,330.54,4.48
Y,Y,,0.3133,0.83,145.39,0.756
Y,Y,,0.6672,1.847,267.88,2.51
Y,Y,,0.5840,2.486,194.31,3.92
Y,Y,,0.6400,2.637,156.51,4.28
Y,Y,,0.3941,1.563,357.35,1.95
Y,Y,,0.7341,3.494,319.61,6.53
Y,Y,,0.4351,1.792,350.14,2.4
Y,Y,,0.7106,1.21,126.31,1.33
Y,Y,,0.6359,2.39,232.54,3.69
Y,Y,,0.5982,2.474,16.82,3.89
Y,Y,,0.7792,1.787,284.85,2.39
Y,Y,,0.6970,2.379,290.62,3.67
Y,Y,,0.4051,1.467,324.97,1.78
Y,Y,,0.8074,1.543,129.59,1.92
Y,Y,,0.2105,1.25,328.42,1.4
Y,Y,,0.5837,2.203,216.55,3.27
Y,Y,,0.3434,1.307,114.90,1.5
Y,Y,,0.1339,1.115,162.36,1.18
Y,Y,,0.6776,2.519,116.32,4
Y,Y,,0.4210,1.639,133.29,2.1
Y,Y,,0.7454,2.753,67.91,4.57
Y,Y,,0.6987,2.84,138.35,4.79
Y,Y,,0.7599,2.037,111.08,2.91
Y,Y,,0.6677,2.149,108.48,3.15
Y,Y,,0.7254,1.921,99.00,2.66
Y,Y,,0.5904,2.194,296.34,3.25
Y,Y,,0.6001,2.003,75.51,2.84
Y,Y,,0.6190,2.551,172.06,4.08
Y,Y,,0.3447,1.045,80.79,1.07
Y,Y,,0.5138,1.864,26.04,2.54
Y,Y,,0.3238,1.424,157.36,1.7
Y,Y,,0.5821,2.049,323.36,2.93
Y,Y,,0.3258,0.8863,236.36,0.834
Y,Y,,0.4955,2.033,352.36,2.9
Y,Y,,0.6564,2.397,47.56,3.71
Y,Y,,0.7007,2.617,241.16,4.23
Y,Y,,0.4096,1.515,301.85,1.87
Y,Y,,0.4249,1.685,193.75,2.19
Y,Y,,0.3963,1.431,112.94,1.71
Y,Y,,0.3392,1.477,343.84,1.79
Y,Y,,0.5618,2.303,176.47,3.49
Y,Y,,0.6204,2.562,343.33,4.1
Y,Y,,0.5452,1.759,307.78,2.33
Y,Y,,0.7198,2.75,318.40,4.56
Y,Y,,0.2388,1.194,117.70,1.3
Y,Y,,0.6265,2.389,328.03,3.69
Y,Y,,0.6139,2.408,332.21,3.74
Y,Y,,0.6896,2.367,126.23,3.64
Y,Y,,0.7152,2.923,113.59,5
Y,Y,,0.4022,0.8079,223.41,0.726
Y,Y,,0.8005,2.396,278.80,3.71
Y,Y,,0.8659,2.331,46.73,3.56
Y,Y,,0.4252,1.512,300.65,1.86
Y,Y,,0.6632,2.771,352.07,4.61
Y,Y,,0.6495,1.973,90.31,2.77
Y,Y,,0.6448,1.362,108.07,1.59
Y,Y,,0.6727,1.267,65.08,1.43
Y,Y,,0.6366,1.631,272.18,2.08
Y,Y,,0.2231,1.323,6.88,1.52
Y,Y,,0.6042,0.8962,307.50,0.848
Y,Y,,0.7352,2.16,97.47,3.17
Y,Y,,0.6546,1.926,99.38,2.67
Y,Y,,0.6303,2.435,219.94,3.8
Y,Y,,0.4754,1.813,325.10,2.44
Y,Y,,0.6798,2.228,104.55,3.33
Y,Y,,0.5001,2.104,172.30,3.05
Y,Y,,0.6717,2.802,328.38,4.69
Y,Y,,0.5791,2.008,116.78,2.85
Y,Y,,0.8649,2.166,237.87,3.19
Y,Y,,0.3874,1.671,155.64,2.16
Y,Y,,0.4045,1.581,136.72,1.99
Y,Y,,0.3814,1.064,61.74,1.1
Y,Y,,0.5774,1.849,20.63,2.51
Y,Y,,0.7632,2.926,98.16,5
Y,Y,,0.6781,2.904,154.91,4.95
Y,Y,,0.5109,1.974,38.80,2.77
Y,Y,,0.5004,1.935,328.33,2.69
Y,Y,,0.3958,1.707,29.50,2.23
Y,Y,,0.6368,2.294,248.14,3.48
Y,Y,,0.7815,2.072,73.23,2.98
Y,Y,,0.7408,1.697,292.85,2.21
Y,Y,,0.6279,2.721,200.68,4.49
Y,Y,,0.6252,2.59,211.59,4.17
Y,Y,,0.6333,2.163,257.71,3.18
Y,Y,,0.5612,2.402,167.55,3.72
Y,Y,,0.5302,2.215,359.41,3.3
Y,Y,,0.4043,1.211,266.10,1.33
Y,Y,,0.6273,2.566,128.66,4.11
Y,Y,,0.6738,2.065,240.11,2.97
Y,Y,,0.8992,2.447,330.15,3.83
Y,Y,,0.6924,2.814,325.91,4.72
Y,Y,,0.5147,1.729,322.53,2.27
Y,Y,,0.5705,1.707,291.98,2.23
Y,Y,,0.6941,1.814,69.87,2.44
Y,Y,,0.8125,2.436,72.84,3.8
Y,Y,,0.6458,2.297,22.10,3.48
Y,Y,,0.6401,2.63,13.17,4.27
Y,Y,,0.5635,2.258,325.83,3.39
Y,Y,,0.5967,2.454,181.75,3.85
Y,Y,,0.5834,2.258,168.09,3.39
Y,Y,,0.3115,1.405,334.29,1.67
Y,Y,,0.6408,2.674,141.57,4.37
Y,Y,,0.5421,2.094,140.59,3.03
Y,Y,,0.5857,2.126,317.57,3.1
Y,Y,,0.6259,2.371,313.10,3.65
Y,Y,,0.4040,1.644,220.91,2.11
Y,Y,,0.7068,2.247,274.51,3.37
Y,Y,,0.6705,2.704,43.07,4.45
Y,Y,,0.6561,2.61,147.45,4.22
Y,Y,,0.5438,2.202,348.03,3.27
Y,Y,,0.1722,1.144,53.37,1.22
Y,Y,,0.4026,1.46,47.71,1.76
Y,Y,,0.5842,1.472,112.46,1.79
Y,Y,,0.2501,0.9132,224.18,0.873
Y,Y,,0.3893,0.9327,230.94,0.901
Y,Y,,0.6630,2.657,88.25,4.33
Y,Y,,0.4615,1.89,1.71,2.6
Y,Y,,0.4151,1.562,134.63,1.95
Y,Y,,0.5955,1.906,245.01,2.63
Y,Y,,0.4466,1.686,136.19,2.19
Y,Y,,0.4448,1.83,184.61,2.48
Y,Y,,0.1528,1.102,125.59,1.16
Y,Y,,0.6819,2.844,54.70,4.8
Y,Y,,0.5108,1.619,72.65,2.06
Y,Y,,0.7554,2.68,263.60,4.39
Y,Y,,0.3902,1.512,112.10,1.86
Y,Y,,0.5302,2.025,140.71,2.88
Y,Y,,0.6590,2.617,54.03,4.23
Y,Y,,0.5268,1.671,238.81,2.16
Y,Y,,0.8110,2.777,278.60,4.63
Y,Y,,0.6466,2.817,150.93,4.73
Y,Y,,0.8322,3.076,90.44,5.39
Y,Y,,0.5352,1.701,245.39,2.22
Y,Y,,0.7062,2.267,277.30,3.41
Y,Y,,0.0551,1.097,347.07,1.15
Y,Y,,0.8081,2.541,291.18,4.05
Y,Y,,0.6119,2.214,303.00,3.29
Y,Y,,0.5397,1.613,75.22,2.05
Y,Y,,0.5068,1.861,142.60,2.54
Y,Y,,0.7549,2.573,253.28,4.13
Y,Y,,0.7530,1.392,296.66,1.64
Y,Y,,0.4474,1.167,81.57,1.26
Y,Y,,0.6967,2.553,113.63,4.08
Y,Y,,0.6074,2.158,61.14,3.17
Y,Y,,0.6416,2.291,128.85,3.47
Y,Y,,0.4062,1.602,195.69,2.03
Y,Y,,0.4420,1.114,285.37,1.18
Y,Y,,0.6406,2.702,153.61,4.44
Y,Y,,0.5641,1.959,208.06,2.74
Y,Y,,0.2764,1.396,197.04,1.65
Y,Y,,0.8970,2.185,64.68,3.23
Y,Y,,0.4017,1.644,349.37,2.11
Y,Y,,0.8767,2.463,242.67,3.87
Y,Y,,0.5767,1.967,133.47,2.76
Y,Y,,0.5183,2.03,170.58,2.89
Y,Y,,0.4220,1.751,199.69,2.32
Y,Y,,0.6267,2.122,67.45,3.09
Y,Y,,0.4324,1.163,263.08,1.25
Y,Y,,0.2620,1.105,259.66,1.16
Y,Y,,0.6746,2.441,341.44,3.81
Y,Y,,0.7681,2.778,267.65,4.63
Y,Y,,0.1593,1.183,130.32,1.29
Y,Y,,0.5999,0.8075,205.87,0.726
Y,Y,,0.2007,1.092,298.33,1.14
Y,Y,,0.6306,2.661,232.83,4.34
Y,Y,,0.7134,2.492,60.84,3.93
Y,Y,,0.6024,2.425,181.45,3.78
Y,Y,,0.5412,2.241,193.04,3.35
Y,Y,,0.5325,2.202,359.35,3.27
Y,Y,,0.7207,2.195,244.01,3.25
Y,Y,,0.6523,1.61,94.98,2.04
Y,Y,,0.6265,2.296,310.32,3.48
Y,Y,,0.2337,1.241,172.13,1.38
Y,Y,,0.8997,1.772,308.26,2.36
Y,Y,,0.6310,2.622,178.93,4.25
Y,Y,,0.6817,2.867,115.88,4.85
Y,Y,,0.7329,2.029,141.50,2.89
Y,Y,,0.6028,1.053,125.41,1.08
Y,Y,,0.5740,2.197,197.74,3.26
Y,Y,,0.4511,1.617,129.63,2.06
Y,Y,,0.2173,0.972,233.78,0.958
Y,Y,,0.5838,2.381,353.73,3.67
Y,Y,,0.6272,2.596,350.74,4.18
Y,Y,,0.6821,1.997,272.80,2.82
Y,Y,,0.7256,2.4,291.24,3.72
Y,Y,,0.7338,0.7036,19.47,0.59
Y,Y,,0.5457,2.224,346.03,3.32
Y,Y,,0.5638,1.996,130.87,2.82
Y,Y,,0.6284,2.469,1.13,3.88
Y,Y,,0.2662,1.129,83.20,1.2
Y,Y,,0.7789,1.678,304.32,2.17
Y,Y,,0.5797,1.485,89.11,1.81
Y,Y,,0.3392,1.28,119.79,1.45
Y,Y,,0.8546,2.063,125.75,2.96
Y,Y,,0.2036,1.224,211.15,1.35
Y,Y,,0.4869,1.914,339.83,2.65
Y,Y,,0.5292,1.96,139.93,2.74
Y,Y,,0.6827,2.427,49.09,3.78
Y,Y,,0.7137,2.471,121.86,3.88
Y,Y,,0.7327,3.23,55.39,5.81
Y,Y,,0.6108,1.782,118.69,2.38
Y,Y,,0.9103,2.547,303.32,4.07
Y,Y,,0.5811,2.108,53.55,3.06
Y,Y,,0.4998,0.6442,11.17,0.517
Y,Y,,0.7999,4.629,136.61,9.96
Y,Y,,0.7078,2.557,250.00,4.09
Y,Y,,0.6095,2.618,164.89,4.24
Y,Y,,0.4621,1.887,357.81,2.59
Y,Y,,0.7261,1.995,81.28,2.82
Y,Y,,0.7582,1.172,128.13,1.27
Y,Y,,0.6235,1.482,276.08,1.8
Y,Y,,0.5755,2.185,345.93,3.23
Y,Y,,0.6490,2.023,59.80,2.88
Y,Y,,0.7156,2.157,89.68,3.17
Y,Y,,0.6940,2.528,323.88,4.02
Y,Y,,0.6756,1.858,69.77,2.53
Y,Y,,0.3839,1.566,17.67,1.96
Y,Y,,0.6255,2.483,316.99,3.91
Y,Y,,0.6812,2.803,138.57,4.69
Y,Y,,0.6699,2.42,50.47,3.76
Y,Y,,0.6790,2.262,229.07,3.4
Y,Y,,0.2145,1.048,256.38,1.07
Y,Y,,0.6156,2.195,138.48,3.25
Y,Y,,0.5529,2.169,0.22,3.2
Y,Y,,0.3831,0.8676,123.57,0.808
Y,Y,,0.5506,2.156,167.80,3.16
Y,Y,,0.3039,0.8939,312.06,0.845
Y,Y,,0.7578,2.62,85.48,4.24
Y,Y,,0.6678,1.984,286.24,2.79
Y,Y,,0.6027,2.501,270.58,3.96
Y,Y,,0.8874,2.147,301.46,3.15
Y,Y,,0.4509,1.906,181.59,2.63
Y,Y,,0.6096,1.529,281.91,1.89
Y,Y,,0.8168,1.224,135.69,1.35
Y,Y,,0.4749,1.936,33.15,2.69
Y,Y,,0.7527,2.662,255.45,4.34
Y,Y,,0.4011,1.04,98.81,1.06
Y,Y,,0.3512,1.002,108.03,1
Y,Y,,0.7465,2.013,79.83,2.86
Y,Y,,0.5141,0.7599,214.43,0.662
Y,Y,,0.6554,2.847,156.85,4.8
Y,Y,,0.6726,2.285,112.02,3.45
Y,Y,,0.3561,1.437,304.10,1.72
Y,Y,,0.4517,1.936,169.13,2.69
Y,Y,,0.6043,2.65,174.54,4.31
Y,Y,,0.5882,2.355,135.26,3.61
Y,Y,,0.6125,1.86,129.79,2.54
Y,Y,,0.4484,1.891,21.66,2.6
Y,Y,,0.5387,2.134,338.71,3.12
Y,Y,,0.4833,2.027,322.91,2.89
Y,Y,,0.5465,1.866,225.69,2.55
Y,Y,,0.4688,1.637,49.96,2.09
Y,Y,,0.6867,1.67,277.64,2.16
Y,Y,,0.3780,1.026,287.77,1.04
Y,Y,,0.5786,2.387,185.55,3.69
Y,Y,,0.5935,1.891,128.06,2.6
Y,Y,,0.6230,2.544,202.14,4.06
Y,Y,,0.6925,2.6,66.93,4.19
Y,Y,,0.7388,2.282,261.34,3.45
Y,Y,,0.5728,2.094,150.30,3.03
Y,Y,,0.3842,1.56,150.17,1.95
Y,Y,,0.5727,1.643,71.67,2.11
Y,Y,,0.6580,2.602,225.77,4.2
Y,Y,,0.5519,1.802,219.93,2.42
Y,Y,,0.7173,2.09,248.08,3.02
Y,Y,,0.1685,1.153,39.49,1.24
Y,Y,,0.6475,2.587,311.60,4.16
Y,Y,,0.6245,2.042,273.44,2.92
Y,Y,,0.8119,2.191,242.68,3.24
Y,Y,,0.6401,2.618,156.98,4.24
Y,Y,,0.3635,0.7354,19.91,0.631
Y,Y,,0.5438,2.194,3.49,3.25
Y,Y,,0.4569,1.789,182.59,2.39
Y,Y,,0.6256,2.602,136.84,4.2
Y,Y,,0.6108,2.388,53.77,3.69
Y,Y,,0.2971,1.365,24.35,1.6
Y,Y,,0.5766,1.86,63.65,2.54
Y,Y,,0.4951,0.8636,233.49,0.802
Y,Y,,0.5070,1.92,186.86,2.66
Y,Y,,0.6711,1.961,356.84,2.75
Y,Y,,0.5925,2.27,14.77,3.42
Y,Y,,0.4882,1.726,227.32,2.27
Y,Y,,0.4077,1.44,296.29,1.73
Y,Y,,0.7452,1.875,94.14,2.57
Y,Y,,0.7512,2.047,54.47,2.93
Y,Y,,0.5712,2.065,38.28,2.97
Y,Y,,0.5861,2.184,40.09,3.23
Y,Y,,0.7307,2.825,59.34,4.75
Y,Y,,0.5026,0.7981,229.32,0.713
Y,Y,,0.5410,1.404,82.90,1.66
Y,Y,,0.4870,0.8265,308.10,0.751
Y,Y,,0.6183,1.547,74.33,1.92
Y,Y,,0.9670,2.097,337.78,3.04
Y,Y,,0.7281,1.863,100.28,2.54
Y,Y,,0.7016,2.662,131.82,4.34
Y,Y,,0.8263,4.911,108.36,10.9
Y,Y,,0.3156,0.9797,78.36,0.97
Y,Y,,0.7608,2.297,273.96,3.48
Y,Y,,0.4980,1.521,65.71,1.88
Y,Y,,0.2035,0.9054,301.22,0.862
Y,Y,,0.6046,2.318,225.08,3.53
Y,Y,,0.7480,2.114,272.14,3.07
Y,Y,,0.7118,2.809,295.63,4.71
Y,Y,,0.8733,2.492,66.90,3.93
Y,Y,,0.5615,2.141,207.17,3.13
Y,Y,,0.8756,2.046,324.09,2.93
Y,Y,,0.4381,1.572,250.15,1.97
Y,Y,,0.6530,2.441,313.18,3.81
Y,Y,,0.4407,1.753,326.73,2.32
Y,Y,,0.6563,2.215,14.14,3.3
Y,Y,,0.2660,0.7765,12.79,0.684
Y,Y,,0.5984,1.06,134.14,1.09
Y,Y,,0.4115,1.496,304.33,1.83
Y,Y,,0.7734,2.771,76.96,4.61
Y,Y,,0.5259,2.044,140.06,2.92
Y,Y,,0.5828,2.141,230.30,3.13
Y,Y,,0.3053,0.9256,42.23,0.891
Y,Y,,0.6380,2.492,324.99,3.93
Y,Y,,0.5791,2.224,24.71,3.32
Y,Y,,0.5252,2.174,352.79,3.21
Y,Y,,0.2917,1.183,292.18,1.29
Y,Y,,0.8334,1.383,315.44,1.63
Y,Y,,0.6321,2.476,16.93,3.9
Y,Y,,0.7841,2.253,260.72,3.38
Y,Y,,0.7595,2.119,115.99,3.08
Y,Y,,0.6087,2.574,159.80,4.13
Y,Y,,0.3871,1.455,44.60,1.75
Y,Y,,0.7820,2.31,273.10,3.51
Y,Y,,0.3833,1.37,307.88,1.6
Y,Y,,0.6604,2.806,149.92,4.7
Y,Y,,0.5452,2.127,359.14,3.1
Y,Y,,0.6887,2.763,301.84,4.59
Y,Y,,0.5442,2.211,325.13,3.29
Y,Y,,0.6584,2.081,273.93,3
Y,Y,,0.6621,2.219,131.41,3.31
Y,Y,,0.8865,8.908,158.21,26.6
Y,Y,,0.6617,2.821,235.05,4.74
